ID materiału,Etap,Sesje docelowe,Brief,Prompt lub dokładny tekst,Źródło,Model i wersja,Plan/licencja,Data,Plik master,Eksport,Status,Uwagi z telefonu
V01,PILOT,equal-rhythm; 90s-calm-down; longer-exhale; box-breathing; sleep-downshift; energy-up-breath; focus-breath; anxiety-slow-cycle; wired-steady; 3min-breath,"2 stany PNG, warstwy jeśli dostępne, 1 referencyjny film pełnego cyklu; timing finalnie w aplikacji","Original premium botanical-anatomical illustration for Releaf. Paired botanical lungs, recognizable lobed silhouette. Both lungs gently expand and brighten from within, then empty and contract; no floating replacement blob.. Sculptural organic depth, finely layered plant-like structures, restrained sage and deep forest-green palette, soft directional studio lighting, subtle tactile texture, elegant mature composition. Clearly readable silhouette against a dark quiet background. Generous negative space. Non-clinical, non-gory, no text, no symbols, no logo, no watermark. No cartoon styling, flat diagram or artist imitation.",DO UZUPEŁNIENIA,DO UZUPEŁNIENIA,NIEZWERYFIKOWANE,,01_visuals/V01_A_v01_master.png + mp4,Codex: sterowane stany lub MP4 H.264 + poster,DO PRZYGOTOWANIA; NIEZATWIERDZONE,
V02,PO PRZEGLĄDZIE PILOTA,emergency-grounding; 60s-grounding; back-to-room; sleep-faster-routine; night-nervous-system-unwind; before-panic-builds; panic-spike; overthinking-night; social-pressure; travel-stress; overwhelm-stability; evening-unwind,poster + pętla 6–10 s; oczy otwarte możliwe,"Original premium botanical-anatomical illustration for Releaf. Grounded seated figure with feet supported by a soft organic surface. Attention gently settles into contact points.. Sculptural organic depth, finely layered plant-like structures, restrained sage and deep forest-green palette, soft directional studio lighting, subtle tactile texture, elegant mature composition. Clearly readable silhouette against a dark quiet background. Generous negative space. Non-clinical, non-gory, no text, no symbols, no logo, no watermark. No cartoon styling, flat diagram or artist imitation.",DO UZUPEŁNIENIA,DO UZUPEŁNIENIA,NIEZWERYFIKOWANE,,01_visuals/V02_A_v01_master.png + mp4,Codex: sterowane stany lub MP4 H.264 + poster,DO PRZYGOTOWANIA; NIEZATWIERDZONE,
V03,PO PRZEGLĄDZIE PILOTA,emergency-grounding; back-to-room; object-anchor; sound-anchor; cool-water-reset; eye-focus-reset; before-panic-builds; panic-spike; travel-stress; overwhelm-stability,3 obiekty/stany + spokojna referencja; bez losowego przesuwania obiektów,"Original premium botanical-anatomical illustration for Releaf. Refined interior still life with leaf, stone and distant window. Attention highlights one object at a time, then settles.. Sculptural organic depth, finely layered plant-like structures, restrained sage and deep forest-green palette, soft directional studio lighting, subtle tactile texture, elegant mature composition. Clearly readable silhouette against a dark quiet background. Generous negative space. Non-clinical, non-gory, no text, no symbols, no logo, no watermark. No cartoon styling, flat diagram or artist imitation.",DO UZUPEŁNIENIA,DO UZUPEŁNIENIA,NIEZWERYFIKOWANE,,01_visuals/V03_A_v01_master.png + mp4,Codex: sterowane stany lub MP4 H.264 + poster,DO PRZYGOTOWANIA; NIEZATWIERDZONE,
V04,PILOT,jaw-shoulders; shoulder-drop-reset; anger-release,"3 pozy: neutralna, łagodne uniesienie, rozluźnienie + demonstracja","Original premium botanical-anatomical illustration for Releaf. Non-clinical upper-body botanical figure, relaxed face and shoulder line. Jaw releases without mouth close-up; shoulders slowly lower.. Sculptural organic depth, finely layered plant-like structures, restrained sage and deep forest-green palette, soft directional studio lighting, subtle tactile texture, elegant mature composition. Clearly readable silhouette against a dark quiet background. Generous negative space. Non-clinical, non-gory, no text, no symbols, no logo, no watermark. No cartoon styling, flat diagram or artist imitation.",DO UZUPEŁNIENIA,DO UZUPEŁNIENIA,NIEZWERYFIKOWANE,,01_visuals/V04_A_v01_master.png + mp4,Codex: sterowane stany lub MP4 H.264 + poster,DO PRZYGOTOWANIA; NIEZATWIERDZONE,
V05,PILOT,sleep-faster-routine; night-nervous-system-unwind; body-recalibration; tension-body-scan; evening-unwind,7 masek regionów + stan całego ciała i poster + referencja; nie narzucaj tempa skanowania filmem,"Original premium botanical-anatomical illustration for Releaf. Elegant full-body botanical figure at rest. Soft attention light identifies face/jaw, neck/shoulders, arms/hands, chest/upper back, abdomen/lower back, legs and feet, then the whole body.. Sculptural organic depth, finely layered plant-like structures, restrained sage and deep forest-green palette, soft directional studio lighting, subtle tactile texture, elegant mature composition. Clearly readable silhouette against a dark quiet background. Generous negative space. Non-clinical, non-gory, no text, no symbols, no logo, no watermark. No cartoon styling, flat diagram or artist imitation.",DO UZUPEŁNIENIA,DO UZUPEŁNIENIA,NIEZWERYFIKOWANE,,01_visuals/V05_A_v01_master.png + mp4,Codex: sterowane stany lub MP4 H.264 + poster,DO PRZYGOTOWANIA; NIEZATWIERDZONE,
V06,PO PRZEGLĄDZIE PILOTA,press-release; anger-release,neutral/press/release + demonstracja,"Original premium botanical-anatomical illustration for Releaf. Natural hands resting against a stable support. Gentle palm pressure then release, no clenched aggressive fists.. Sculptural organic depth, finely layered plant-like structures, restrained sage and deep forest-green palette, soft directional studio lighting, subtle tactile texture, elegant mature composition. Clearly readable silhouette against a dark quiet background. Generous negative space. Non-clinical, non-gory, no text, no symbols, no logo, no watermark. No cartoon styling, flat diagram or artist imitation.",DO UZUPEŁNIENIA,DO UZUPEŁNIENIA,NIEZWERYFIKOWANE,,01_visuals/V06_A_v01_master.png + mp4,Codex: sterowane stany lub MP4 H.264 + poster,DO PRZYGOTOWANIA; NIEZATWIERDZONE,
V07,PO PRZEGLĄDZIE PILOTA,name-the-thought; make-room; emotional-stability-drill; after-conflict; overthinking-night; overthinking-let-go,poster + loop; bez tekstu i unoszącego się mózgu,"Original premium botanical-anatomical illustration for Releaf. Soft ribbon of thought above a stable botanical form. It passes without being chased; the central form remains steady.. Sculptural organic depth, finely layered plant-like structures, restrained sage and deep forest-green palette, soft directional studio lighting, subtle tactile texture, elegant mature composition. Clearly readable silhouette against a dark quiet background. Generous negative space. Non-clinical, non-gory, no text, no symbols, no logo, no watermark. No cartoon styling, flat diagram or artist imitation.",DO UZUPEŁNIENIA,DO UZUPEŁNIENIA,NIEZWERYFIKOWANE,,01_visuals/V07_A_v01_master.png + mp4,Codex: sterowane stany lub MP4 H.264 + poster,DO PRZYGOTOWANIA; NIEZATWIERDZONE,
V08,PO PRZEGLĄDZIE PILOTA,morning-reset-ritual; confidence-posture-reset; quick-mood-shift; before-interview; before-presentation,"seated/standing poster + subtelna demonstracja, bez obietnic korekty postawy","Original premium botanical-anatomical illustration for Releaf. Warm balanced standing botanical figure. Weight rests comfortably over both feet, shoulders neutral.. Sculptural organic depth, finely layered plant-like structures, restrained sage and deep forest-green palette, soft directional studio lighting, subtle tactile texture, elegant mature composition. Clearly readable silhouette against a dark quiet background. Generous negative space. Non-clinical, non-gory, no text, no symbols, no logo, no watermark. No cartoon styling, flat diagram or artist imitation.",DO UZUPEŁNIENIA,DO UZUPEŁNIENIA,NIEZWERYFIKOWANE,,01_visuals/V08_A_v01_master.png + mp4,Codex: sterowane stany lub MP4 H.264 + poster,DO PRZYGOTOWANIA; NIEZATWIERDZONE,
V09,PO PRZEGLĄDZIE PILOTA,shake-it-out,poster + demonstracja; bez gwałtownego drżenia przypominającego atak,"Original premium botanical-anatomical illustration for Releaf. Coherent whole-body figure making gentle small-amplitude arm and shoulder shaking. Feet stay grounded.. Sculptural organic depth, finely layered plant-like structures, restrained sage and deep forest-green palette, soft directional studio lighting, subtle tactile texture, elegant mature composition. Clearly readable silhouette against a dark quiet background. Generous negative space. Non-clinical, non-gory, no text, no symbols, no logo, no watermark. No cartoon styling, flat diagram or artist imitation.",DO UZUPEŁNIENIA,DO UZUPEŁNIENIA,NIEZWERYFIKOWANE,,01_visuals/V09_A_v01_master.png + mp4,Codex: sterowane stany lub MP4 H.264 + poster,DO PRZYGOTOWANIA; NIEZATWIERDZONE,
V10,PO PRZEGLĄDZIE PILOTA,pushups-activation,"pilot: ściana, pozycja początkowa/ugięcie/powrót + demonstracja; do pełnego pokrycia także wersja podłogowa i siedzący press, zgodnie ze źródłowym wyborem w skrypcie","Original premium botanical-anatomical illustration for Releaf. Coherent clothed figure performing a controlled wall push-up, stable hands and aligned body.. Sculptural organic depth, finely layered plant-like structures, restrained sage and deep forest-green palette, soft directional studio lighting, subtle tactile texture, elegant mature composition. Clearly readable silhouette against a dark quiet background. Generous negative space. Non-clinical, non-gory, no text, no symbols, no logo, no watermark. No cartoon styling, flat diagram or artist imitation.",DO UZUPEŁNIENIA,DO UZUPEŁNIENIA,NIEZWERYFIKOWANE,,01_visuals/V10_A_v01_master.png + mp4,Codex: sterowane stany lub MP4 H.264 + poster,DO PRZYGOTOWANIA; NIEZATWIERDZONE,
V11,PO PRZEGLĄDZIE PILOTA,micro-walk-reset; morning-reset-ritual; quick-mood-shift,"poster + demonstracja, nie loop sugerujący konieczność ciągłego marszu","Original premium botanical-anatomical illustration for Releaf. Grounded figure takes a few unhurried steps on a level surface.. Sculptural organic depth, finely layered plant-like structures, restrained sage and deep forest-green palette, soft directional studio lighting, subtle tactile texture, elegant mature composition. Clearly readable silhouette against a dark quiet background. Generous negative space. Non-clinical, non-gory, no text, no symbols, no logo, no watermark. No cartoon styling, flat diagram or artist imitation.",DO UZUPEŁNIENIA,DO UZUPEŁNIENIA,NIEZWERYFIKOWANE,,01_visuals/V11_A_v01_master.png + mp4,Codex: sterowane stany lub MP4 H.264 + poster,DO PRZYGOTOWANIA; NIEZATWIERDZONE,
V12,PO PRZEGLĄDZIE PILOTA,one-small-next-step; deep-focus-method; before-exam; work-overwhelm; 5min-focus,"poster + loop; do focus/next-step, bez pulsowania wymuszającego oddech","Original premium botanical-anatomical illustration for Releaf. Stable leaf and a single clear pool of light. Attention settles, then one small path is revealed.. Sculptural organic depth, finely layered plant-like structures, restrained sage and deep forest-green palette, soft directional studio lighting, subtle tactile texture, elegant mature composition. Clearly readable silhouette against a dark quiet background. Generous negative space. Non-clinical, non-gory, no text, no symbols, no logo, no watermark. No cartoon styling, flat diagram or artist imitation.",DO UZUPEŁNIENIA,DO UZUPEŁNIENIA,NIEZWERYFIKOWANE,,01_visuals/V12_A_v01_master.png + mp4,Codex: sterowane stany lub MP4 H.264 + poster,DO PRZYGOTOWANIA; NIEZATWIERDZONE,
M01,PO PRZEGLĄDZIE PILOTA,mindfulness-basics-2; breath-and-body-4; morning-arrival-4,"Poster + spokojny loop 6–10 s, bez audio i tekstu","Original premium botanical-anatomical illustration for Releaf. Spokojna botaniczna forma w jasnej przestrzeni. Sculptural organic depth, finely layered plant-like structures, restrained sage and deep forest-green palette, soft directional studio lighting, subtle tactile texture, elegant mature composition. Clearly readable silhouette against a dark quiet background. Generous negative space. Non-clinical, non-gory, no text, no symbols, no logo, no watermark. No cartoon styling, flat diagram or artist imitation.",DO UZUPEŁNIENIA,DO UZUPEŁNIENIA,NIEZWERYFIKOWANE,,01_visuals/M01_A_v01_master.mp4,Codex: MP4 720p + WebP,DO PRZYGOTOWANIA; NIEZATWIERDZONE,
M02,PO PRZEGLĄDZIE PILOTA,body-scan-5; soften-tension-4; whole-body-scan-10,"Poster + spokojny loop 6–10 s, bez audio i tekstu","Original premium botanical-anatomical illustration for Releaf. Figura lub kamień z czytelnym podparciem. Sculptural organic depth, finely layered plant-like structures, restrained sage and deep forest-green palette, soft directional studio lighting, subtle tactile texture, elegant mature composition. Clearly readable silhouette against a dark quiet background. Generous negative space. Non-clinical, non-gory, no text, no symbols, no logo, no watermark. No cartoon styling, flat diagram or artist imitation.",DO UZUPEŁNIENIA,DO UZUPEŁNIENIA,NIEZWERYFIKOWANE,,01_visuals/M02_A_v01_master.mp4,Codex: MP4 720p + WebP,DO PRZYGOTOWANIA; NIEZATWIERDZONE,
M03,PO PRZEGLĄDZIE PILOTA,focus-anchor-5; after-distraction-6; work-break-3; steady-attention-10,"Poster + spokojny loop 6–10 s, bez audio i tekstu","Original premium botanical-anatomical illustration for Releaf. Stabilny punkt uwagi w organicznej przestrzeni. Sculptural organic depth, finely layered plant-like structures, restrained sage and deep forest-green palette, soft directional studio lighting, subtle tactile texture, elegant mature composition. Clearly readable silhouette against a dark quiet background. Generous negative space. Non-clinical, non-gory, no text, no symbols, no logo, no watermark. No cartoon styling, flat diagram or artist imitation.",DO UZUPEŁNIENIA,DO UZUPEŁNIENIA,NIEZWERYFIKOWANE,,01_visuals/M03_A_v01_master.mp4,Codex: MP4 720p + WebP,DO PRZYGOTOWANIA; NIEZATWIERDZONE,
M04,PO PRZEGLĄDZIE PILOTA,anxious-thoughts-5; before-a-difficult-moment-4; self-kindness-5; sitting-with-uncertainty-8,"Poster + spokojny loop 6–10 s, bez audio i tekstu","Original premium botanical-anatomical illustration for Releaf. Ciepłe miękkie warstwy liści. Sculptural organic depth, finely layered plant-like structures, restrained sage and deep forest-green palette, soft directional studio lighting, subtle tactile texture, elegant mature composition. Clearly readable silhouette against a dark quiet background. Generous negative space. Non-clinical, non-gory, no text, no symbols, no logo, no watermark. No cartoon styling, flat diagram or artist imitation.",DO UZUPEŁNIENIA,DO UZUPEŁNIENIA,NIEZWERYFIKOWANE,,01_visuals/M04_A_v01_master.mp4,Codex: MP4 720p + WebP,DO PRZYGOTOWANIA; NIEZATWIERDZONE,
M05,PO PRZEGLĄDZIE PILOTA,working-with-thoughts-5; open-awareness-6; open-field-10,"Poster + spokojny loop 6–10 s, bez audio i tekstu","Original premium botanical-anatomical illustration for Releaf. Otwarta przestrzeń i powolne światło. Sculptural organic depth, finely layered plant-like structures, restrained sage and deep forest-green palette, soft directional studio lighting, subtle tactile texture, elegant mature composition. Clearly readable silhouette against a dark quiet background. Generous negative space. Non-clinical, non-gory, no text, no symbols, no logo, no watermark. No cartoon styling, flat diagram or artist imitation.",DO UZUPEŁNIENIA,DO UZUPEŁNIENIA,NIEZWERYFIKOWANE,,01_visuals/M05_A_v01_master.mp4,Codex: MP4 720p + WebP,DO PRZYGOTOWANIA; NIEZATWIERDZONE,
M06,PO PRZEGLĄDZIE PILOTA,let-the-day-go-6; body-into-stillness-8; quiet-night-10,"Poster + spokojny loop 6–10 s, bez audio i tekstu","Original premium botanical-anatomical illustration for Releaf. Ciemna nocna kompozycja botaniczna. Sculptural organic depth, finely layered plant-like structures, restrained sage and deep forest-green palette, soft directional studio lighting, subtle tactile texture, elegant mature composition. Clearly readable silhouette against a dark quiet background. Generous negative space. Non-clinical, non-gory, no text, no symbols, no logo, no watermark. No cartoon styling, flat diagram or artist imitation.",DO UZUPEŁNIENIA,DO UZUPEŁNIENIA,NIEZWERYFIKOWANE,,01_visuals/M06_A_v01_master.mp4,Codex: MP4 720p + WebP,DO PRZYGOTOWANIA; NIEZATWIERDZONE,
A01_A,PILOT 60–90 s,mindfulness-basics-2; breath-and-body-4,podstawy/obecność; master docelowo 3–5 min,"Instrumental ambient sound bed for a spoken mindfulness practice. Airy warm sustained tones, gently spacious and neutral, no beat.. Very low event density, restrained harmonic movement, smooth sustained textures, no vocals, chanting, humming, whispering, breathing, spoken words, percussion hits, sudden swells or dramatic ending. Leave space for a warm female speaking voice. No medical or frequency-treatment concept. Stable middle section suitable for careful loop editing. No recognizable melody or imitation of a named artist.",DO UZUPEŁNIENIA,DO UZUPEŁNIENIA,NIEZWERYFIKOWANE,,02_music/A01_A_v01_master.wav,"Codex: osobne tło, mastering i loop",DO PRZYGOTOWANIA; PRAWA DO SPRAWDZENIA,
A01_B,PO PRZEGLĄDZIE PILOTA,mindfulness-basics-2; breath-and-body-4,podstawy/obecność; master docelowo 3–5 min,"Instrumental ambient sound bed for a spoken mindfulness practice. Airy warm sustained tones, gently spacious and neutral, no beat.. Very low event density, restrained harmonic movement, smooth sustained textures, no vocals, chanting, humming, whispering, breathing, spoken words, percussion hits, sudden swells or dramatic ending. Leave space for a warm female speaking voice. No medical or frequency-treatment concept. Stable middle section suitable for careful loop editing. No recognizable melody or imitation of a named artist.",DO UZUPEŁNIENIA,DO UZUPEŁNIENIA,NIEZWERYFIKOWANE,,02_music/A01_B_v01_master.wav,"Codex: osobne tło, mastering i loop",DO PRZYGOTOWANIA; PRAWA DO SPRAWDZENIA,
A02_A,PILOT 60–90 s,body-scan-5; soften-tension-4; whole-body-scan-10; 60s-grounding; back-to-room; jaw-shoulders; object-anchor; sound-anchor; press-release; cool-water-reset; shoulder-drop-reset; shake-it-out; micro-walk-reset; confidence-posture-reset; body-recalibration; before-panic-builds; before-interview; before-presentation; panic-spike; social-pressure; travel-stress; equal-rhythm; 90s-calm-down; longer-exhale; box-breathing; energy-up-breath; anxiety-slow-cycle; wired-steady; tension-body-scan; overwhelm-stability; anger-release; 3min-breath,ciało/napięcie/grounding; master docelowo 3–5 min,"Instrumental ambient sound bed for a spoken mindfulness practice. Low-mid soft wooden resonance and steady warm texture, no booming sub-bass.. Very low event density, restrained harmonic movement, smooth sustained textures, no vocals, chanting, humming, whispering, breathing, spoken words, percussion hits, sudden swells or dramatic ending. Leave space for a warm female speaking voice. No medical or frequency-treatment concept. Stable middle section suitable for careful loop editing. No recognizable melody or imitation of a named artist.",DO UZUPEŁNIENIA,DO UZUPEŁNIENIA,NIEZWERYFIKOWANE,,02_music/A02_A_v01_master.wav,"Codex: osobne tło, mastering i loop",DO PRZYGOTOWANIA; PRAWA DO SPRAWDZENIA,
A02_B,PO PRZEGLĄDZIE PILOTA,body-scan-5; soften-tension-4; whole-body-scan-10; 60s-grounding; back-to-room; jaw-shoulders; object-anchor; sound-anchor; press-release; cool-water-reset; shoulder-drop-reset; shake-it-out; micro-walk-reset; confidence-posture-reset; body-recalibration; before-panic-builds; before-interview; before-presentation; panic-spike; social-pressure; travel-stress; equal-rhythm; 90s-calm-down; longer-exhale; box-breathing; energy-up-breath; anxiety-slow-cycle; wired-steady; tension-body-scan; overwhelm-stability; anger-release; 3min-breath,ciało/napięcie/grounding; master docelowo 3–5 min,"Instrumental ambient sound bed for a spoken mindfulness practice. Low-mid soft wooden resonance and steady warm texture, no booming sub-bass.. Very low event density, restrained harmonic movement, smooth sustained textures, no vocals, chanting, humming, whispering, breathing, spoken words, percussion hits, sudden swells or dramatic ending. Leave space for a warm female speaking voice. No medical or frequency-treatment concept. Stable middle section suitable for careful loop editing. No recognizable melody or imitation of a named artist.",DO UZUPEŁNIENIA,DO UZUPEŁNIENIA,NIEZWERYFIKOWANE,,02_music/A02_B_v01_master.wav,"Codex: osobne tło, mastering i loop",DO PRZYGOTOWANIA; PRAWA DO SPRAWDZENIA,
A03_A,PO PRZEGLĄDZIE PILOTA,focus-anchor-5; after-distraction-6; work-break-3; steady-attention-10; eye-focus-reset; one-small-next-step; deep-focus-method; before-exam; work-overwhelm; focus-breath; 5min-focus,uwaga/praca; master docelowo 3–5 min,"Instrumental ambient sound bed for a spoken mindfulness practice. Sparse clean rounded tones with long quiet spaces, almost still, no arpeggio pattern.. Very low event density, restrained harmonic movement, smooth sustained textures, no vocals, chanting, humming, whispering, breathing, spoken words, percussion hits, sudden swells or dramatic ending. Leave space for a warm female speaking voice. No medical or frequency-treatment concept. Stable middle section suitable for careful loop editing. No recognizable melody or imitation of a named artist.",DO UZUPEŁNIENIA,DO UZUPEŁNIENIA,NIEZWERYFIKOWANE,,02_music/A03_A_v01_master.wav,"Codex: osobne tło, mastering i loop",DO PRZYGOTOWANIA; PRAWA DO SPRAWDZENIA,
A03_B,PO PRZEGLĄDZIE PILOTA,focus-anchor-5; after-distraction-6; work-break-3; steady-attention-10; eye-focus-reset; one-small-next-step; deep-focus-method; before-exam; work-overwhelm; focus-breath; 5min-focus,uwaga/praca; master docelowo 3–5 min,"Instrumental ambient sound bed for a spoken mindfulness practice. Sparse clean rounded tones with long quiet spaces, almost still, no arpeggio pattern.. Very low event density, restrained harmonic movement, smooth sustained textures, no vocals, chanting, humming, whispering, breathing, spoken words, percussion hits, sudden swells or dramatic ending. Leave space for a warm female speaking voice. No medical or frequency-treatment concept. Stable middle section suitable for careful loop editing. No recognizable melody or imitation of a named artist.",DO UZUPEŁNIENIA,DO UZUPEŁNIENIA,NIEZWERYFIKOWANE,,02_music/A03_B_v01_master.wav,"Codex: osobne tło, mastering i loop",DO PRZYGOTOWANIA; PRAWA DO SPRAWDZENIA,
A04_A,PILOT 60–90 s,anxious-thoughts-5; before-a-difficult-moment-4; self-kindness-5; sitting-with-uncertainty-8; name-the-thought; make-room; emotional-stability-drill; after-conflict; overthinking-let-go,życzliwość/emocje; master docelowo 3–5 min,"Instrumental ambient sound bed for a spoken mindfulness practice. Warm intimate instrumental harmony without sentimental melody or voice.. Very low event density, restrained harmonic movement, smooth sustained textures, no vocals, chanting, humming, whispering, breathing, spoken words, percussion hits, sudden swells or dramatic ending. Leave space for a warm female speaking voice. No medical or frequency-treatment concept. Stable middle section suitable for careful loop editing. No recognizable melody or imitation of a named artist.",DO UZUPEŁNIENIA,DO UZUPEŁNIENIA,NIEZWERYFIKOWANE,,02_music/A04_A_v01_master.wav,"Codex: osobne tło, mastering i loop",DO PRZYGOTOWANIA; PRAWA DO SPRAWDZENIA,
A04_B,PO PRZEGLĄDZIE PILOTA,anxious-thoughts-5; before-a-difficult-moment-4; self-kindness-5; sitting-with-uncertainty-8; name-the-thought; make-room; emotional-stability-drill; after-conflict; overthinking-let-go,życzliwość/emocje; master docelowo 3–5 min,"Instrumental ambient sound bed for a spoken mindfulness practice. Warm intimate instrumental harmony without sentimental melody or voice.. Very low event density, restrained harmonic movement, smooth sustained textures, no vocals, chanting, humming, whispering, breathing, spoken words, percussion hits, sudden swells or dramatic ending. Leave space for a warm female speaking voice. No medical or frequency-treatment concept. Stable middle section suitable for careful loop editing. No recognizable melody or imitation of a named artist.",DO UZUPEŁNIENIA,DO UZUPEŁNIENIA,NIEZWERYFIKOWANE,,02_music/A04_B_v01_master.wav,"Codex: osobne tło, mastering i loop",DO PRZYGOTOWANIA; PRAWA DO SPRAWDZENIA,
A05_A,PO PRZEGLĄDZIE PILOTA,working-with-thoughts-5; open-awareness-6; open-field-10,otwarta uwaga/myśli; master docelowo 3–5 min,"Instrumental ambient sound bed for a spoken mindfulness practice. Wide diffuse airy textures with very slow changes, no prominent lead.. Very low event density, restrained harmonic movement, smooth sustained textures, no vocals, chanting, humming, whispering, breathing, spoken words, percussion hits, sudden swells or dramatic ending. Leave space for a warm female speaking voice. No medical or frequency-treatment concept. Stable middle section suitable for careful loop editing. No recognizable melody or imitation of a named artist.",DO UZUPEŁNIENIA,DO UZUPEŁNIENIA,NIEZWERYFIKOWANE,,02_music/A05_A_v01_master.wav,"Codex: osobne tło, mastering i loop",DO PRZYGOTOWANIA; PRAWA DO SPRAWDZENIA,
A05_B,PO PRZEGLĄDZIE PILOTA,working-with-thoughts-5; open-awareness-6; open-field-10,otwarta uwaga/myśli; master docelowo 3–5 min,"Instrumental ambient sound bed for a spoken mindfulness practice. Wide diffuse airy textures with very slow changes, no prominent lead.. Very low event density, restrained harmonic movement, smooth sustained textures, no vocals, chanting, humming, whispering, breathing, spoken words, percussion hits, sudden swells or dramatic ending. Leave space for a warm female speaking voice. No medical or frequency-treatment concept. Stable middle section suitable for careful loop editing. No recognizable melody or imitation of a named artist.",DO UZUPEŁNIENIA,DO UZUPEŁNIENIA,NIEZWERYFIKOWANE,,02_music/A05_B_v01_master.wav,"Codex: osobne tło, mastering i loop",DO PRZYGOTOWANIA; PRAWA DO SPRAWDZENIA,
A06_A,PO PRZEGLĄDZIE PILOTA,morning-arrival-4; pushups-activation; morning-reset-ritual; quick-mood-shift,poranek/łagodna aktywacja; master docelowo 3–5 min,"Instrumental ambient sound bed for a spoken mindfulness practice. Light gently luminous timbre, subtle lift without a beat or motivational build.. Very low event density, restrained harmonic movement, smooth sustained textures, no vocals, chanting, humming, whispering, breathing, spoken words, percussion hits, sudden swells or dramatic ending. Leave space for a warm female speaking voice. No medical or frequency-treatment concept. Stable middle section suitable for careful loop editing. No recognizable melody or imitation of a named artist.",DO UZUPEŁNIENIA,DO UZUPEŁNIENIA,NIEZWERYFIKOWANE,,02_music/A06_A_v01_master.wav,"Codex: osobne tło, mastering i loop",DO PRZYGOTOWANIA; PRAWA DO SPRAWDZENIA,
A06_B,PO PRZEGLĄDZIE PILOTA,morning-arrival-4; pushups-activation; morning-reset-ritual; quick-mood-shift,poranek/łagodna aktywacja; master docelowo 3–5 min,"Instrumental ambient sound bed for a spoken mindfulness practice. Light gently luminous timbre, subtle lift without a beat or motivational build.. Very low event density, restrained harmonic movement, smooth sustained textures, no vocals, chanting, humming, whispering, breathing, spoken words, percussion hits, sudden swells or dramatic ending. Leave space for a warm female speaking voice. No medical or frequency-treatment concept. Stable middle section suitable for careful loop editing. No recognizable melody or imitation of a named artist.",DO UZUPEŁNIENIA,DO UZUPEŁNIENIA,NIEZWERYFIKOWANE,,02_music/A06_B_v01_master.wav,"Codex: osobne tło, mastering i loop",DO PRZYGOTOWANIA; PRAWA DO SPRAWDZENIA,
A07_A,PO PRZEGLĄDZIE PILOTA,let-the-day-go-6; body-into-stillness-8,wieczór/wyciszenie; master docelowo 3–5 min,"Instrumental ambient sound bed for a spoken mindfulness practice. Soft dark warm sustained bed, progressively quieter feeling without a volume drop to silence.. Very low event density, restrained harmonic movement, smooth sustained textures, no vocals, chanting, humming, whispering, breathing, spoken words, percussion hits, sudden swells or dramatic ending. Leave space for a warm female speaking voice. No medical or frequency-treatment concept. Stable middle section suitable for careful loop editing. No recognizable melody or imitation of a named artist.",DO UZUPEŁNIENIA,DO UZUPEŁNIENIA,NIEZWERYFIKOWANE,,02_music/A07_A_v01_master.wav,"Codex: osobne tło, mastering i loop",DO PRZYGOTOWANIA; PRAWA DO SPRAWDZENIA,
A07_B,PO PRZEGLĄDZIE PILOTA,let-the-day-go-6; body-into-stillness-8,wieczór/wyciszenie; master docelowo 3–5 min,"Instrumental ambient sound bed for a spoken mindfulness practice. Soft dark warm sustained bed, progressively quieter feeling without a volume drop to silence.. Very low event density, restrained harmonic movement, smooth sustained textures, no vocals, chanting, humming, whispering, breathing, spoken words, percussion hits, sudden swells or dramatic ending. Leave space for a warm female speaking voice. No medical or frequency-treatment concept. Stable middle section suitable for careful loop editing. No recognizable melody or imitation of a named artist.",DO UZUPEŁNIENIA,DO UZUPEŁNIENIA,NIEZWERYFIKOWANE,,02_music/A07_B_v01_master.wav,"Codex: osobne tło, mastering i loop",DO PRZYGOTOWANIA; PRAWA DO SPRAWDZENIA,
A08_A,PO PRZEGLĄDZIE PILOTA,quiet-night-10; sleep-faster-routine; night-nervous-system-unwind; overthinking-night; sleep-downshift; evening-unwind,noc; opcjonalnie Sleep po oddzielnym przeglądzie; master docelowo 3–5 min,"Instrumental ambient sound bed for a spoken mindfulness practice. Extremely sparse soft non-vocal ambient texture, stable dynamics, no bright accents.. Very low event density, restrained harmonic movement, smooth sustained textures, no vocals, chanting, humming, whispering, breathing, spoken words, percussion hits, sudden swells or dramatic ending. Leave space for a warm female speaking voice. No medical or frequency-treatment concept. Stable middle section suitable for careful loop editing. No recognizable melody or imitation of a named artist.",DO UZUPEŁNIENIA,DO UZUPEŁNIENIA,NIEZWERYFIKOWANE,,02_music/A08_A_v01_master.wav,"Codex: osobne tło, mastering i loop",DO PRZYGOTOWANIA; PRAWA DO SPRAWDZENIA,
A08_B,PO PRZEGLĄDZIE PILOTA,quiet-night-10; sleep-faster-routine; night-nervous-system-unwind; overthinking-night; sleep-downshift; evening-unwind,noc; opcjonalnie Sleep po oddzielnym przeglądzie; master docelowo 3–5 min,"Instrumental ambient sound bed for a spoken mindfulness practice. Extremely sparse soft non-vocal ambient texture, stable dynamics, no bright accents.. Very low event density, restrained harmonic movement, smooth sustained textures, no vocals, chanting, humming, whispering, breathing, spoken words, percussion hits, sudden swells or dramatic ending. Leave space for a warm female speaking voice. No medical or frequency-treatment concept. Stable middle section suitable for careful loop editing. No recognizable melody or imitation of a named artist.",DO UZUPEŁNIENIA,DO UZUPEŁNIENIA,NIEZWERYFIKOWANE,,02_music/A08_B_v01_master.wav,"Codex: osobne tło, mastering i loop",DO PRZYGOTOWANIA; PRAWA DO SPRAWDZENIA,
BREATH_A_inhale_03s,PO WYBORZE WYKONANIA,longer-exhale; energy-up-breath,"Naturalne ludzkie wykonanie inhale, plik fazy 3 s; bez syntetycznego zamiennika; łagodne granice, bez artefaktów","BRIEF NAGRAŃ, NIE PROMPT GENERATORA: Naturalne ludzkie wykonanie inhale, plik fazy 3 s; bez syntetycznego zamiennika; łagodne granice, bez artefaktów",DO UZUPEŁNIENIA,DO UZUPEŁNIENIA,NIEZWERYFIKOWANE,,04_human_breath/BREATH_A_inhale_03s_v01.wav,Codex: osobna warstwa faz; hold/rest bez dźwięku,BRAK ŹRÓDŁA; NIEZATWIERDZONE,
BREATH_A_inhale_04s,PO WYBORZE WYKONANIA,90s-calm-down; box-breathing; sleep-downshift; focus-breath; wired-steady; 3min-breath,"Naturalne ludzkie wykonanie inhale, plik fazy 4 s; bez syntetycznego zamiennika; łagodne granice, bez artefaktów","BRIEF NAGRAŃ, NIE PROMPT GENERATORA: Naturalne ludzkie wykonanie inhale, plik fazy 4 s; bez syntetycznego zamiennika; łagodne granice, bez artefaktów",DO UZUPEŁNIENIA,DO UZUPEŁNIENIA,NIEZWERYFIKOWANE,,04_human_breath/BREATH_A_inhale_04s_v01.wav,Codex: osobna warstwa faz; hold/rest bez dźwięku,BRAK ŹRÓDŁA; NIEZATWIERDZONE,
BREATH_A_inhale_05s,PILOT ODDECHU,equal-rhythm; anxiety-slow-cycle,"Naturalne ludzkie wykonanie inhale, plik fazy 5 s; bez syntetycznego zamiennika; łagodne granice, bez artefaktów","BRIEF NAGRAŃ, NIE PROMPT GENERATORA: Naturalne ludzkie wykonanie inhale, plik fazy 5 s; bez syntetycznego zamiennika; łagodne granice, bez artefaktów",DO UZUPEŁNIENIA,DO UZUPEŁNIENIA,NIEZWERYFIKOWANE,,04_human_breath/BREATH_A_inhale_05s_v01.wav,Codex: osobna warstwa faz; hold/rest bez dźwięku,BRAK ŹRÓDŁA; NIEZATWIERDZONE,
BREATH_A_exhale_03s,PO WYBORZE WYKONANIA,energy-up-breath,"Naturalne ludzkie wykonanie exhale, plik fazy 3 s; bez syntetycznego zamiennika; łagodne granice, bez artefaktów","BRIEF NAGRAŃ, NIE PROMPT GENERATORA: Naturalne ludzkie wykonanie exhale, plik fazy 3 s; bez syntetycznego zamiennika; łagodne granice, bez artefaktów",DO UZUPEŁNIENIA,DO UZUPEŁNIENIA,NIEZWERYFIKOWANE,,04_human_breath/BREATH_A_exhale_03s_v01.wav,Codex: osobna warstwa faz; hold/rest bez dźwięku,BRAK ŹRÓDŁA; NIEZATWIERDZONE,
BREATH_A_exhale_04s,PO WYBORZE WYKONANIA,box-breathing; focus-breath; 3min-breath,"Naturalne ludzkie wykonanie exhale, plik fazy 4 s; bez syntetycznego zamiennika; łagodne granice, bez artefaktów","BRIEF NAGRAŃ, NIE PROMPT GENERATORA: Naturalne ludzkie wykonanie exhale, plik fazy 4 s; bez syntetycznego zamiennika; łagodne granice, bez artefaktów",DO UZUPEŁNIENIA,DO UZUPEŁNIENIA,NIEZWERYFIKOWANE,,04_human_breath/BREATH_A_exhale_04s_v01.wav,Codex: osobna warstwa faz; hold/rest bez dźwięku,BRAK ŹRÓDŁA; NIEZATWIERDZONE,
BREATH_A_exhale_05s,PILOT ODDECHU,equal-rhythm; wired-steady,"Naturalne ludzkie wykonanie exhale, plik fazy 5 s; bez syntetycznego zamiennika; łagodne granice, bez artefaktów","BRIEF NAGRAŃ, NIE PROMPT GENERATORA: Naturalne ludzkie wykonanie exhale, plik fazy 5 s; bez syntetycznego zamiennika; łagodne granice, bez artefaktów",DO UZUPEŁNIENIA,DO UZUPEŁNIENIA,NIEZWERYFIKOWANE,,04_human_breath/BREATH_A_exhale_05s_v01.wav,Codex: osobna warstwa faz; hold/rest bez dźwięku,BRAK ŹRÓDŁA; NIEZATWIERDZONE,
BREATH_A_exhale_06s,PO WYBORZE WYKONANIA,90s-calm-down; longer-exhale,"Naturalne ludzkie wykonanie exhale, plik fazy 6 s; bez syntetycznego zamiennika; łagodne granice, bez artefaktów","BRIEF NAGRAŃ, NIE PROMPT GENERATORA: Naturalne ludzkie wykonanie exhale, plik fazy 6 s; bez syntetycznego zamiennika; łagodne granice, bez artefaktów",DO UZUPEŁNIENIA,DO UZUPEŁNIENIA,NIEZWERYFIKOWANE,,04_human_breath/BREATH_A_exhale_06s_v01.wav,Codex: osobna warstwa faz; hold/rest bez dźwięku,BRAK ŹRÓDŁA; NIEZATWIERDZONE,
BREATH_A_exhale_07s,PO WYBORZE WYKONANIA,anxiety-slow-cycle,"Naturalne ludzkie wykonanie exhale, plik fazy 7 s; bez syntetycznego zamiennika; łagodne granice, bez artefaktów","BRIEF NAGRAŃ, NIE PROMPT GENERATORA: Naturalne ludzkie wykonanie exhale, plik fazy 7 s; bez syntetycznego zamiennika; łagodne granice, bez artefaktów",DO UZUPEŁNIENIA,DO UZUPEŁNIENIA,NIEZWERYFIKOWANE,,04_human_breath/BREATH_A_exhale_07s_v01.wav,Codex: osobna warstwa faz; hold/rest bez dźwięku,BRAK ŹRÓDŁA; NIEZATWIERDZONE,
BREATH_A_exhale_08s,PO WYBORZE WYKONANIA,sleep-downshift,"Naturalne ludzkie wykonanie exhale, plik fazy 8 s; bez syntetycznego zamiennika; łagodne granice, bez artefaktów","BRIEF NAGRAŃ, NIE PROMPT GENERATORA: Naturalne ludzkie wykonanie exhale, plik fazy 8 s; bez syntetycznego zamiennika; łagodne granice, bez artefaktów",DO UZUPEŁNIENIA,DO UZUPEŁNIENIA,NIEZWERYFIKOWANE,,04_human_breath/BREATH_A_exhale_08s_v01.wav,Codex: osobna warstwa faz; hold/rest bez dźwięku,BRAK ŹRÓDŁA; NIEZATWIERDZONE,
BREATH_B_inhale_03s,PO WYBORZE WYKONANIA,longer-exhale; energy-up-breath,"Naturalne ludzkie wykonanie inhale, plik fazy 3 s; bez syntetycznego zamiennika; łagodne granice, bez artefaktów","BRIEF NAGRAŃ, NIE PROMPT GENERATORA: Naturalne ludzkie wykonanie inhale, plik fazy 3 s; bez syntetycznego zamiennika; łagodne granice, bez artefaktów",DO UZUPEŁNIENIA,DO UZUPEŁNIENIA,NIEZWERYFIKOWANE,,04_human_breath/BREATH_B_inhale_03s_v01.wav,Codex: osobna warstwa faz; hold/rest bez dźwięku,BRAK ŹRÓDŁA; NIEZATWIERDZONE,
BREATH_B_inhale_04s,PO WYBORZE WYKONANIA,90s-calm-down; box-breathing; sleep-downshift; focus-breath; wired-steady; 3min-breath,"Naturalne ludzkie wykonanie inhale, plik fazy 4 s; bez syntetycznego zamiennika; łagodne granice, bez artefaktów","BRIEF NAGRAŃ, NIE PROMPT GENERATORA: Naturalne ludzkie wykonanie inhale, plik fazy 4 s; bez syntetycznego zamiennika; łagodne granice, bez artefaktów",DO UZUPEŁNIENIA,DO UZUPEŁNIENIA,NIEZWERYFIKOWANE,,04_human_breath/BREATH_B_inhale_04s_v01.wav,Codex: osobna warstwa faz; hold/rest bez dźwięku,BRAK ŹRÓDŁA; NIEZATWIERDZONE,
BREATH_B_inhale_05s,PILOT ODDECHU,equal-rhythm; anxiety-slow-cycle,"Naturalne ludzkie wykonanie inhale, plik fazy 5 s; bez syntetycznego zamiennika; łagodne granice, bez artefaktów","BRIEF NAGRAŃ, NIE PROMPT GENERATORA: Naturalne ludzkie wykonanie inhale, plik fazy 5 s; bez syntetycznego zamiennika; łagodne granice, bez artefaktów",DO UZUPEŁNIENIA,DO UZUPEŁNIENIA,NIEZWERYFIKOWANE,,04_human_breath/BREATH_B_inhale_05s_v01.wav,Codex: osobna warstwa faz; hold/rest bez dźwięku,BRAK ŹRÓDŁA; NIEZATWIERDZONE,
BREATH_B_exhale_03s,PO WYBORZE WYKONANIA,energy-up-breath,"Naturalne ludzkie wykonanie exhale, plik fazy 3 s; bez syntetycznego zamiennika; łagodne granice, bez artefaktów","BRIEF NAGRAŃ, NIE PROMPT GENERATORA: Naturalne ludzkie wykonanie exhale, plik fazy 3 s; bez syntetycznego zamiennika; łagodne granice, bez artefaktów",DO UZUPEŁNIENIA,DO UZUPEŁNIENIA,NIEZWERYFIKOWANE,,04_human_breath/BREATH_B_exhale_03s_v01.wav,Codex: osobna warstwa faz; hold/rest bez dźwięku,BRAK ŹRÓDŁA; NIEZATWIERDZONE,
BREATH_B_exhale_04s,PO WYBORZE WYKONANIA,box-breathing; focus-breath; 3min-breath,"Naturalne ludzkie wykonanie exhale, plik fazy 4 s; bez syntetycznego zamiennika; łagodne granice, bez artefaktów","BRIEF NAGRAŃ, NIE PROMPT GENERATORA: Naturalne ludzkie wykonanie exhale, plik fazy 4 s; bez syntetycznego zamiennika; łagodne granice, bez artefaktów",DO UZUPEŁNIENIA,DO UZUPEŁNIENIA,NIEZWERYFIKOWANE,,04_human_breath/BREATH_B_exhale_04s_v01.wav,Codex: osobna warstwa faz; hold/rest bez dźwięku,BRAK ŹRÓDŁA; NIEZATWIERDZONE,
BREATH_B_exhale_05s,PILOT ODDECHU,equal-rhythm; wired-steady,"Naturalne ludzkie wykonanie exhale, plik fazy 5 s; bez syntetycznego zamiennika; łagodne granice, bez artefaktów","BRIEF NAGRAŃ, NIE PROMPT GENERATORA: Naturalne ludzkie wykonanie exhale, plik fazy 5 s; bez syntetycznego zamiennika; łagodne granice, bez artefaktów",DO UZUPEŁNIENIA,DO UZUPEŁNIENIA,NIEZWERYFIKOWANE,,04_human_breath/BREATH_B_exhale_05s_v01.wav,Codex: osobna warstwa faz; hold/rest bez dźwięku,BRAK ŹRÓDŁA; NIEZATWIERDZONE,
BREATH_B_exhale_06s,PO WYBORZE WYKONANIA,90s-calm-down; longer-exhale,"Naturalne ludzkie wykonanie exhale, plik fazy 6 s; bez syntetycznego zamiennika; łagodne granice, bez artefaktów","BRIEF NAGRAŃ, NIE PROMPT GENERATORA: Naturalne ludzkie wykonanie exhale, plik fazy 6 s; bez syntetycznego zamiennika; łagodne granice, bez artefaktów",DO UZUPEŁNIENIA,DO UZUPEŁNIENIA,NIEZWERYFIKOWANE,,04_human_breath/BREATH_B_exhale_06s_v01.wav,Codex: osobna warstwa faz; hold/rest bez dźwięku,BRAK ŹRÓDŁA; NIEZATWIERDZONE,
BREATH_B_exhale_07s,PO WYBORZE WYKONANIA,anxiety-slow-cycle,"Naturalne ludzkie wykonanie exhale, plik fazy 7 s; bez syntetycznego zamiennika; łagodne granice, bez artefaktów","BRIEF NAGRAŃ, NIE PROMPT GENERATORA: Naturalne ludzkie wykonanie exhale, plik fazy 7 s; bez syntetycznego zamiennika; łagodne granice, bez artefaktów",DO UZUPEŁNIENIA,DO UZUPEŁNIENIA,NIEZWERYFIKOWANE,,04_human_breath/BREATH_B_exhale_07s_v01.wav,Codex: osobna warstwa faz; hold/rest bez dźwięku,BRAK ŹRÓDŁA; NIEZATWIERDZONE,
BREATH_B_exhale_08s,PO WYBORZE WYKONANIA,sleep-downshift,"Naturalne ludzkie wykonanie exhale, plik fazy 8 s; bez syntetycznego zamiennika; łagodne granice, bez artefaktów","BRIEF NAGRAŃ, NIE PROMPT GENERATORA: Naturalne ludzkie wykonanie exhale, plik fazy 8 s; bez syntetycznego zamiennika; łagodne granice, bez artefaktów",DO UZUPEŁNIENIA,DO UZUPEŁNIENIA,NIEZWERYFIKOWANE,,04_human_breath/BREATH_B_exhale_08s_v01.wav,Codex: osobna warstwa faz; hold/rest bez dźwięku,BRAK ŹRÓDŁA; NIEZATWIERDZONE,
BREATH_C_inhale_03s,PO WYBORZE WYKONANIA,longer-exhale; energy-up-breath,"Naturalne ludzkie wykonanie inhale, plik fazy 3 s; bez syntetycznego zamiennika; łagodne granice, bez artefaktów","BRIEF NAGRAŃ, NIE PROMPT GENERATORA: Naturalne ludzkie wykonanie inhale, plik fazy 3 s; bez syntetycznego zamiennika; łagodne granice, bez artefaktów",DO UZUPEŁNIENIA,DO UZUPEŁNIENIA,NIEZWERYFIKOWANE,,04_human_breath/BREATH_C_inhale_03s_v01.wav,Codex: osobna warstwa faz; hold/rest bez dźwięku,BRAK ŹRÓDŁA; NIEZATWIERDZONE,
BREATH_C_inhale_04s,PO WYBORZE WYKONANIA,90s-calm-down; box-breathing; sleep-downshift; focus-breath; wired-steady; 3min-breath,"Naturalne ludzkie wykonanie inhale, plik fazy 4 s; bez syntetycznego zamiennika; łagodne granice, bez artefaktów","BRIEF NAGRAŃ, NIE PROMPT GENERATORA: Naturalne ludzkie wykonanie inhale, plik fazy 4 s; bez syntetycznego zamiennika; łagodne granice, bez artefaktów",DO UZUPEŁNIENIA,DO UZUPEŁNIENIA,NIEZWERYFIKOWANE,,04_human_breath/BREATH_C_inhale_04s_v01.wav,Codex: osobna warstwa faz; hold/rest bez dźwięku,BRAK ŹRÓDŁA; NIEZATWIERDZONE,
BREATH_C_inhale_05s,PILOT ODDECHU,equal-rhythm; anxiety-slow-cycle,"Naturalne ludzkie wykonanie inhale, plik fazy 5 s; bez syntetycznego zamiennika; łagodne granice, bez artefaktów","BRIEF NAGRAŃ, NIE PROMPT GENERATORA: Naturalne ludzkie wykonanie inhale, plik fazy 5 s; bez syntetycznego zamiennika; łagodne granice, bez artefaktów",DO UZUPEŁNIENIA,DO UZUPEŁNIENIA,NIEZWERYFIKOWANE,,04_human_breath/BREATH_C_inhale_05s_v01.wav,Codex: osobna warstwa faz; hold/rest bez dźwięku,BRAK ŹRÓDŁA; NIEZATWIERDZONE,
BREATH_C_exhale_03s,PO WYBORZE WYKONANIA,energy-up-breath,"Naturalne ludzkie wykonanie exhale, plik fazy 3 s; bez syntetycznego zamiennika; łagodne granice, bez artefaktów","BRIEF NAGRAŃ, NIE PROMPT GENERATORA: Naturalne ludzkie wykonanie exhale, plik fazy 3 s; bez syntetycznego zamiennika; łagodne granice, bez artefaktów",DO UZUPEŁNIENIA,DO UZUPEŁNIENIA,NIEZWERYFIKOWANE,,04_human_breath/BREATH_C_exhale_03s_v01.wav,Codex: osobna warstwa faz; hold/rest bez dźwięku,BRAK ŹRÓDŁA; NIEZATWIERDZONE,
BREATH_C_exhale_04s,PO WYBORZE WYKONANIA,box-breathing; focus-breath; 3min-breath,"Naturalne ludzkie wykonanie exhale, plik fazy 4 s; bez syntetycznego zamiennika; łagodne granice, bez artefaktów","BRIEF NAGRAŃ, NIE PROMPT GENERATORA: Naturalne ludzkie wykonanie exhale, plik fazy 4 s; bez syntetycznego zamiennika; łagodne granice, bez artefaktów",DO UZUPEŁNIENIA,DO UZUPEŁNIENIA,NIEZWERYFIKOWANE,,04_human_breath/BREATH_C_exhale_04s_v01.wav,Codex: osobna warstwa faz; hold/rest bez dźwięku,BRAK ŹRÓDŁA; NIEZATWIERDZONE,
BREATH_C_exhale_05s,PILOT ODDECHU,equal-rhythm; wired-steady,"Naturalne ludzkie wykonanie exhale, plik fazy 5 s; bez syntetycznego zamiennika; łagodne granice, bez artefaktów","BRIEF NAGRAŃ, NIE PROMPT GENERATORA: Naturalne ludzkie wykonanie exhale, plik fazy 5 s; bez syntetycznego zamiennika; łagodne granice, bez artefaktów",DO UZUPEŁNIENIA,DO UZUPEŁNIENIA,NIEZWERYFIKOWANE,,04_human_breath/BREATH_C_exhale_05s_v01.wav,Codex: osobna warstwa faz; hold/rest bez dźwięku,BRAK ŹRÓDŁA; NIEZATWIERDZONE,
BREATH_C_exhale_06s,PO WYBORZE WYKONANIA,90s-calm-down; longer-exhale,"Naturalne ludzkie wykonanie exhale, plik fazy 6 s; bez syntetycznego zamiennika; łagodne granice, bez artefaktów","BRIEF NAGRAŃ, NIE PROMPT GENERATORA: Naturalne ludzkie wykonanie exhale, plik fazy 6 s; bez syntetycznego zamiennika; łagodne granice, bez artefaktów",DO UZUPEŁNIENIA,DO UZUPEŁNIENIA,NIEZWERYFIKOWANE,,04_human_breath/BREATH_C_exhale_06s_v01.wav,Codex: osobna warstwa faz; hold/rest bez dźwięku,BRAK ŹRÓDŁA; NIEZATWIERDZONE,
BREATH_C_exhale_07s,PO WYBORZE WYKONANIA,anxiety-slow-cycle,"Naturalne ludzkie wykonanie exhale, plik fazy 7 s; bez syntetycznego zamiennika; łagodne granice, bez artefaktów","BRIEF NAGRAŃ, NIE PROMPT GENERATORA: Naturalne ludzkie wykonanie exhale, plik fazy 7 s; bez syntetycznego zamiennika; łagodne granice, bez artefaktów",DO UZUPEŁNIENIA,DO UZUPEŁNIENIA,NIEZWERYFIKOWANE,,04_human_breath/BREATH_C_exhale_07s_v01.wav,Codex: osobna warstwa faz; hold/rest bez dźwięku,BRAK ŹRÓDŁA; NIEZATWIERDZONE,
BREATH_C_exhale_08s,PO WYBORZE WYKONANIA,sleep-downshift,"Naturalne ludzkie wykonanie exhale, plik fazy 8 s; bez syntetycznego zamiennika; łagodne granice, bez artefaktów","BRIEF NAGRAŃ, NIE PROMPT GENERATORA: Naturalne ludzkie wykonanie exhale, plik fazy 8 s; bez syntetycznego zamiennika; łagodne granice, bez artefaktów",DO UZUPEŁNIENIA,DO UZUPEŁNIENIA,NIEZWERYFIKOWANE,,04_human_breath/BREATH_C_exhale_08s_v01.wav,Codex: osobna warstwa faz; hold/rest bez dźwięku,BRAK ŹRÓDŁA; NIEZATWIERDZONE,
VOICE_meditate_breath-and-body-4_steps_01,TOŻSAMOŚĆ GŁOSU WYMAGANA,breath-and-body-4,Settle; 0–60 s; mowa musi pozostawić przestrzeń na praktykę,"Let the body settle into the surface beneath you. Feel where your weight is being held by the chair, the bed, or the floor. You do not need to sit perfectly. Allow the body to be supported instead of holding it up with extra effort.",DO UZUPEŁNIENIA,DO UZUPEŁNIENIA,NIEZWERYFIKOWANE,,03_guide/narration/releaf-guide/breath-and-body-4/01-settle.wav,narration/releaf-guide/breath-and-body-4/01-settle.mp3,BRAK ZATWIERDZONEJ NARRACJI; NIE GENEROWAĆ INNYM GŁOSEM,
VOICE_meditate_breath-and-body-4_steps_02,TOŻSAMOŚĆ GŁOSU WYMAGANA,breath-and-body-4,Breathe; 60–120 s; mowa musi pozostawić przestrzeń na praktykę,"Bring attention to one place where breathing is easy to notice. Maybe the nostrils, the chest, or the abdomen. Let the breath keep its own pace. Your job is only to notice one breath arriving, and one breath leaving.",DO UZUPEŁNIENIA,DO UZUPEŁNIENIA,NIEZWERYFIKOWANE,,03_guide/narration/releaf-guide/breath-and-body-4/02-breathe.wav,narration/releaf-guide/breath-and-body-4/02-breathe.mp3,BRAK ZATWIERDZONEJ NARRACJI; NIE GENEROWAĆ INNYM GŁOSEM,
VOICE_meditate_breath-and-body-4_steps_03,TOŻSAMOŚĆ GŁOSU WYMAGANA,breath-and-body-4,Wander; 120–180 s; mowa musi pozostawić przestrzeń na praktykę,"If the mind drifts into a thought, a sound, or a plan, notice that gently. You do not need to push anything away. Choose one clear physical sensation again and let attention rest there for the next few moments.",DO UZUPEŁNIENIA,DO UZUPEŁNIENIA,NIEZWERYFIKOWANE,,03_guide/narration/releaf-guide/breath-and-body-4/03-wander.wav,narration/releaf-guide/breath-and-body-4/03-wander.mp3,BRAK ZATWIERDZONEJ NARRACJI; NIE GENEROWAĆ INNYM GŁOSEM,
VOICE_meditate_breath-and-body-4_steps_04,TOŻSAMOŚĆ GŁOSU WYMAGANA,breath-and-body-4,Open; 180–240 s; mowa musi pozostawić przestrzeń na praktykę,"Begin to widen attention. Keep some awareness of breathing, while also noticing sounds and other sensations in the body. Let everything be present without needing to focus tightly on any one thing.",DO UZUPEŁNIENIA,DO UZUPEŁNIENIA,NIEZWERYFIKOWANE,,03_guide/narration/releaf-guide/breath-and-body-4/04-open.wav,narration/releaf-guide/breath-and-body-4/04-open.mp3,BRAK ZATWIERDZONEJ NARRACJI; NIE GENEROWAĆ INNYM GŁOSEM,
VOICE_meditate_working-with-thoughts-5_steps_01,TOŻSAMOŚĆ GŁOSU WYMAGANA,working-with-thoughts-5,Arrive; 0–60 s; mowa musi pozostawić przestrzeń na praktykę,"Begin by noticing one neutral sensation in the body. Maybe the weight of your hands, the contact of your feet, or the support beneath you. There is nothing special to find. Choose one ordinary sensation and let it give your attention somewhere simple to rest.",DO UZUPEŁNIENIA,DO UZUPEŁNIENIA,NIEZWERYFIKOWANE,,03_guide/narration/releaf-guide/working-with-thoughts-5/01-arrive.wav,narration/releaf-guide/working-with-thoughts-5/01-arrive.mp3,BRAK ZATWIERDZONEJ NARRACJI; NIE GENEROWAĆ INNYM GŁOSEM,
VOICE_meditate_working-with-thoughts-5_steps_02,TOŻSAMOŚĆ GŁOSU WYMAGANA,working-with-thoughts-5,Notice; 60–120 s; mowa musi pozostawić przestrzeń na praktykę,"As you sit here, notice when a thought becomes the centre of attention. It may arrive quietly or pull you in straight away. See if you can recognise the moment you are thinking, without needing to finish the thought or work out what it means.",DO UZUPEŁNIENIA,DO UZUPEŁNIENIA,NIEZWERYFIKOWANE,,03_guide/narration/releaf-guide/working-with-thoughts-5/02-notice.wav,narration/releaf-guide/working-with-thoughts-5/02-notice.mp3,BRAK ZATWIERDZONEJ NARRACJI; NIE GENEROWAĆ INNYM GŁOSEM,
VOICE_meditate_working-with-thoughts-5_steps_03,TOŻSAMOŚĆ GŁOSU WYMAGANA,working-with-thoughts-5,Label; 120–180 s; mowa musi pozostawić przestrzeń na praktykę,"If it is useful, give the mental activity a light label. Thinking. Planning. Remembering. Judging. Keep the label simple. The label is not there to judge the thought or make it stop. It is just a small way of noticing what the mind is doing right now.",DO UZUPEŁNIENIA,DO UZUPEŁNIENIA,NIEZWERYFIKOWANE,,03_guide/narration/releaf-guide/working-with-thoughts-5/03-label.wav,narration/releaf-guide/working-with-thoughts-5/03-label.mp3,BRAK ZATWIERDZONEJ NARRACJI; NIE GENEROWAĆ INNYM GŁOSEM,
VOICE_meditate_working-with-thoughts-5_steps_04,TOŻSAMOŚĆ GŁOSU WYMAGANA,working-with-thoughts-5,Return; 180–240 s; mowa musi pozostawić przestrzeń na praktykę,"Now bring some attention back to the body. The thought does not have to disappear first. It can stay, change, or leave in its own time. Feel one physical sensation again and notice that attention can return even while the mind continues to produce thoughts.",DO UZUPEŁNIENIA,DO UZUPEŁNIENIA,NIEZWERYFIKOWANE,,03_guide/narration/releaf-guide/working-with-thoughts-5/04-return.wav,narration/releaf-guide/working-with-thoughts-5/04-return.mp3,BRAK ZATWIERDZONEJ NARRACJI; NIE GENEROWAĆ INNYM GŁOSEM,
VOICE_meditate_working-with-thoughts-5_steps_05,TOŻSAMOŚĆ GŁOSU WYMAGANA,working-with-thoughts-5,Close; 240–300 s; mowa musi pozostawić przestrzeń na praktykę,"Let attention widen to the room around you. Notice sound, light, and the position of the body. There is no need to decide whether the practice worked or whether you did it well. Simply notice that you spent a few minutes practising how to return.",DO UZUPEŁNIENIA,DO UZUPEŁNIENIA,NIEZWERYFIKOWANE,,03_guide/narration/releaf-guide/working-with-thoughts-5/05-close.wav,narration/releaf-guide/working-with-thoughts-5/05-close.mp3,BRAK ZATWIERDZONEJ NARRACJI; NIE GENEROWAĆ INNYM GŁOSEM,
VOICE_meditate_open-awareness-6_steps_01,TOŻSAMOŚĆ GŁOSU WYMAGANA,open-awareness-6,Anchor; 0–60 s; mowa musi pozostawić przestrzeń na praktykę,"Begin with one simple anchor. You might notice the natural breath, the weight of the body, or a point of contact beneath you. Stay with that sensation for a few moments, not to hold attention perfectly, but to give yourself a clear place to begin.",DO UZUPEŁNIENIA,DO UZUPEŁNIENIA,NIEZWERYFIKOWANE,,03_guide/narration/releaf-guide/open-awareness-6/01-anchor.wav,narration/releaf-guide/open-awareness-6/01-anchor.mp3,BRAK ZATWIERDZONEJ NARRACJI; NIE GENEROWAĆ INNYM GŁOSEM,
VOICE_meditate_open-awareness-6_steps_02,TOŻSAMOŚĆ GŁOSU WYMAGANA,open-awareness-6,Sounds; 60–120 s; mowa musi pozostawić przestrzeń na praktykę,"Now allow sounds to enter awareness. You do not need to search for them or identify every source. Notice a sound as it appears, changes, and fades. Let the next sound arrive on its own, while the body remains supported where you are.",DO UZUPEŁNIENIA,DO UZUPEŁNIENIA,NIEZWERYFIKOWANE,,03_guide/narration/releaf-guide/open-awareness-6/02-sounds.wav,narration/releaf-guide/open-awareness-6/02-sounds.mp3,BRAK ZATWIERDZONEJ NARRACJI; NIE GENEROWAĆ INNYM GŁOSEM,
VOICE_meditate_open-awareness-6_steps_03,TOŻSAMOŚĆ GŁOSU WYMAGANA,open-awareness-6,Body; 120–180 s; mowa musi pozostawić przestrzeń na praktykę,"Include more of the body now. Notice pressure, temperature, movement, tension, or ease wherever these sensations are present. There is no need to scan every area. Let sensations come into awareness and change without having to keep any one of them in place.",DO UZUPEŁNIENIA,DO UZUPEŁNIENIA,NIEZWERYFIKOWANE,,03_guide/narration/releaf-guide/open-awareness-6/03-body.wav,narration/releaf-guide/open-awareness-6/03-body.mp3,BRAK ZATWIERDZONEJ NARRACJI; NIE GENEROWAĆ INNYM GŁOSEM,
VOICE_meditate_open-awareness-6_steps_04,TOŻSAMOŚĆ GŁOSU WYMAGANA,open-awareness-6,Thoughts; 180–240 s; mowa musi pozostawić przestrzeń na praktykę,"Thoughts can be included too. When one becomes noticeable, see if it can be experienced as another changing event rather than something you must immediately follow. A thought may stay for a while or pass quickly. Either way, notice what arrives next.",DO UZUPEŁNIENIA,DO UZUPEŁNIENIA,NIEZWERYFIKOWANE,,03_guide/narration/releaf-guide/open-awareness-6/04-thoughts.wav,narration/releaf-guide/open-awareness-6/04-thoughts.mp3,BRAK ZATWIERDZONEJ NARRACJI; NIE GENEROWAĆ INNYM GŁOSEM,
VOICE_meditate_open-awareness-6_steps_05,TOŻSAMOŚĆ GŁOSU WYMAGANA,open-awareness-6,Open; 240–300 s; mowa musi pozostawić przestrzeń na praktykę,"Let attention become a little wider. Sounds, body sensations, breathing, and thoughts can all be present in the same field. You do not need to choose the most important one. Notice how experience keeps changing when you are not trying to hold it still.",DO UZUPEŁNIENIA,DO UZUPEŁNIENIA,NIEZWERYFIKOWANE,,03_guide/narration/releaf-guide/open-awareness-6/05-open.wav,narration/releaf-guide/open-awareness-6/05-open.mp3,BRAK ZATWIERDZONEJ NARRACJI; NIE GENEROWAĆ INNYM GŁOSEM,
VOICE_meditate_open-awareness-6_steps_06,TOŻSAMOŚĆ GŁOSU WYMAGANA,open-awareness-6,Finish; 300–360 s; mowa musi pozostawić przestrzeń na praktykę,"Begin to reconnect with the room more deliberately. Feel the body, notice the nearest sounds, and let the eyes open when you are ready. Before moving on, remember the next ordinary thing you intend to do, and take this wider attention with you.",DO UZUPEŁNIENIA,DO UZUPEŁNIENIA,NIEZWERYFIKOWANE,,03_guide/narration/releaf-guide/open-awareness-6/06-finish.wav,narration/releaf-guide/open-awareness-6/06-finish.mp3,BRAK ZATWIERDZONEJ NARRACJI; NIE GENEROWAĆ INNYM GŁOSEM,
VOICE_meditate_anxious-thoughts-5_steps_01,TOŻSAMOŚĆ GŁOSU WYMAGANA,anxious-thoughts-5,Arrive; 0–60 s; mowa musi pozostawić przestrzeń na praktykę,"If it feels comfortable, let the eyes close or soften your gaze. Notice the room around you, and then notice the body sitting or lying here. For this minute, you do not have to solve the thoughts that brought you here.",DO UZUPEŁNIENIA,DO UZUPEŁNIENIA,NIEZWERYFIKOWANE,,03_guide/narration/releaf-guide/anxious-thoughts-5/01-arrive.wav,narration/releaf-guide/anxious-thoughts-5/01-arrive.mp3,BRAK ZATWIERDZONEJ NARRACJI; NIE GENEROWAĆ INNYM GŁOSEM,
VOICE_meditate_anxious-thoughts-5_steps_02,TOŻSAMOŚĆ GŁOSU WYMAGANA,anxious-thoughts-5,Notice; 60–120 s; mowa musi pozostawić przestrzeń na praktykę,"When a thought appears, see if you can notice the moment it arrives. Instead of entering the story immediately, recognise simply: a thought is happening. Give it a little space before deciding whether it needs your attention.",DO UZUPEŁNIENIA,DO UZUPEŁNIENIA,NIEZWERYFIKOWANE,,03_guide/narration/releaf-guide/anxious-thoughts-5/02-notice.wav,narration/releaf-guide/anxious-thoughts-5/02-notice.mp3,BRAK ZATWIERDZONEJ NARRACJI; NIE GENEROWAĆ INNYM GŁOSEM,
VOICE_meditate_anxious-thoughts-5_steps_03,TOŻSAMOŚĆ GŁOSU WYMAGANA,anxious-thoughts-5,Name; 120–180 s; mowa musi pozostawić przestrzeń na praktykę,"If it helps, give the thought a very simple name. Planning. Worrying. Remembering. Judging. The label is not there to get rid of the thought. It is only a reminder that the thought is something you can notice.",DO UZUPEŁNIENIA,DO UZUPEŁNIENIA,NIEZWERYFIKOWANE,,03_guide/narration/releaf-guide/anxious-thoughts-5/03-name.wav,narration/releaf-guide/anxious-thoughts-5/03-name.mp3,BRAK ZATWIERDZONEJ NARRACJI; NIE GENEROWAĆ INNYM GŁOSEM,
VOICE_meditate_anxious-thoughts-5_steps_04,TOŻSAMOŚĆ GŁOSU WYMAGANA,anxious-thoughts-5,Return; 180–240 s; mowa musi pozostawić przestrzeń na praktykę,"Now return some attention to one neutral sensation in the body. Feel a point of contact, the temperature of the air, or the natural breath. The thought is allowed to stay in the background. You do not have to fight it.",DO UZUPEŁNIENIA,DO UZUPEŁNIENIA,NIEZWERYFIKOWANE,,03_guide/narration/releaf-guide/anxious-thoughts-5/04-return.wav,narration/releaf-guide/anxious-thoughts-5/04-return.mp3,BRAK ZATWIERDZONEJ NARRACJI; NIE GENEROWAĆ INNYM GŁOSEM,
VOICE_meditate_anxious-thoughts-5_steps_05,TOŻSAMOŚĆ GŁOSU WYMAGANA,anxious-thoughts-5,Close; 240–300 s; mowa musi pozostawić przestrzeń na praktykę,"Let attention widen back to the room. Notice a sound, the body, and the space around you. You do not need to feel completely calm for this practice to count. Let it end exactly where you are.",DO UZUPEŁNIENIA,DO UZUPEŁNIENIA,NIEZWERYFIKOWANE,,03_guide/narration/releaf-guide/anxious-thoughts-5/05-close.wav,narration/releaf-guide/anxious-thoughts-5/05-close.mp3,BRAK ZATWIERDZONEJ NARRACJI; NIE GENEROWAĆ INNYM GŁOSEM,
VOICE_meditate_before-a-difficult-moment-4_steps_01,TOŻSAMOŚĆ GŁOSU WYMAGANA,before-a-difficult-moment-4,Pause; 0–60 s; mowa musi pozostawić przestrzeń na praktykę,"Take a moment to recognise that something difficult is ahead. You do not need to rehearse the whole conversation, journey, or task right now. Simply notice the anticipation that is already here, and give yourself permission to pause before moving into it.",DO UZUPEŁNIENIA,DO UZUPEŁNIENIA,NIEZWERYFIKOWANE,,03_guide/narration/releaf-guide/before-a-difficult-moment-4/01-pause.wav,narration/releaf-guide/before-a-difficult-moment-4/01-pause.mp3,BRAK ZATWIERDZONEJ NARRACJI; NIE GENEROWAĆ INNYM GŁOSEM,
VOICE_meditate_before-a-difficult-moment-4_steps_02,TOŻSAMOŚĆ GŁOSU WYMAGANA,before-a-difficult-moment-4,Ground; 60–120 s; mowa musi pozostawić przestrzeń na praktykę,"Bring attention to something physically reliable. Feel both feet on the floor, the chair supporting you, or another clear point of contact. Let that sensation be simple and factual. For this moment, you are here, supported by the surface beneath you.",DO UZUPEŁNIENIA,DO UZUPEŁNIENIA,NIEZWERYFIKOWANE,,03_guide/narration/releaf-guide/before-a-difficult-moment-4/02-ground.wav,narration/releaf-guide/before-a-difficult-moment-4/02-ground.mp3,BRAK ZATWIERDZONEJ NARRACJI; NIE GENEROWAĆ INNYM GŁOSEM,
VOICE_meditate_before-a-difficult-moment-4_steps_03,TOŻSAMOŚĆ GŁOSU WYMAGANA,before-a-difficult-moment-4,Allow; 120–180 s; mowa musi pozostawić przestrzeń na praktykę,"If discomfort is present, see if you can make a little room for it. You do not have to like the feeling, and you do not have to remove it before you continue. Notice where it shows up in the body, while keeping some attention on the support beneath you.",DO UZUPEŁNIENIA,DO UZUPEŁNIENIA,NIEZWERYFIKOWANE,,03_guide/narration/releaf-guide/before-a-difficult-moment-4/03-allow.wav,narration/releaf-guide/before-a-difficult-moment-4/03-allow.mp3,BRAK ZATWIERDZONEJ NARRACJI; NIE GENEROWAĆ INNYM GŁOSEM,
VOICE_meditate_before-a-difficult-moment-4_steps_04,TOŻSAMOŚĆ GŁOSU WYMAGANA,before-a-difficult-moment-4,Choose; 180–240 s; mowa musi pozostawić przestrzeń na praktykę,"As you prepare to move on, choose one quality you would like to bring with you. Steadiness. Clarity. Patience. Courage. Keep it simple. You do not need to feel completely ready. Let that one quality be a direction for the next small step.",DO UZUPEŁNIENIA,DO UZUPEŁNIENIA,NIEZWERYFIKOWANE,,03_guide/narration/releaf-guide/before-a-difficult-moment-4/04-choose.wav,narration/releaf-guide/before-a-difficult-moment-4/04-choose.mp3,BRAK ZATWIERDZONEJ NARRACJI; NIE GENEROWAĆ INNYM GŁOSEM,
VOICE_meditate_focus-anchor-5_steps_01,TOŻSAMOŚĆ GŁOSU WYMAGANA,focus-anchor-5,Settle; 0–60 s; mowa musi pozostawić przestrzeń na praktykę,"Choose one simple sensation to become your anchor for this practice. It could be the breath, your feet, or the contact of your hands. Pick something ordinary and easy to return to.",DO UZUPEŁNIENIA,DO UZUPEŁNIENIA,NIEZWERYFIKOWANE,,03_guide/narration/releaf-guide/focus-anchor-5/01-settle.wav,narration/releaf-guide/focus-anchor-5/01-settle.mp3,BRAK ZATWIERDZONEJ NARRACJI; NIE GENEROWAĆ INNYM GŁOSEM,
VOICE_meditate_focus-anchor-5_steps_02,TOŻSAMOŚĆ GŁOSU WYMAGANA,focus-anchor-5,Stay; 60–120 s; mowa musi pozostawić przestrzeń na praktykę,"Stay with that anchor for a few breaths at a time. You do not need perfect concentration. Just notice the details that are already there, and let attention rest on them for a moment.",DO UZUPEŁNIENIA,DO UZUPEŁNIENIA,NIEZWERYFIKOWANE,,03_guide/narration/releaf-guide/focus-anchor-5/02-stay.wav,narration/releaf-guide/focus-anchor-5/02-stay.mp3,BRAK ZATWIERDZONEJ NARRACJI; NIE GENEROWAĆ INNYM GŁOSEM,
VOICE_meditate_focus-anchor-5_steps_03,TOŻSAMOŚĆ GŁOSU WYMAGANA,focus-anchor-5,Notice; 120–180 s; mowa musi pozostawić przestrzeń na praktykę,"Notice the moment attention has moved somewhere else. Maybe into a thought, a sound, or something you need to do later. The important part is noticing the shift, not preventing it.",DO UZUPEŁNIENIA,DO UZUPEŁNIENIA,NIEZWERYFIKOWANE,,03_guide/narration/releaf-guide/focus-anchor-5/03-notice.wav,narration/releaf-guide/focus-anchor-5/03-notice.mp3,BRAK ZATWIERDZONEJ NARRACJI; NIE GENEROWAĆ INNYM GŁOSEM,
VOICE_meditate_focus-anchor-5_steps_04,TOŻSAMOŚĆ GŁOSU WYMAGANA,focus-anchor-5,Return; 180–240 s; mowa musi pozostawić przestrzeń na praktykę,"Return to your anchor without making distraction into a problem. Each return is the practice. Let the next few moments be simple: notice, drift, and come back again.",DO UZUPEŁNIENIA,DO UZUPEŁNIENIA,NIEZWERYFIKOWANE,,03_guide/narration/releaf-guide/focus-anchor-5/04-return.wav,narration/releaf-guide/focus-anchor-5/04-return.mp3,BRAK ZATWIERDZONEJ NARRACJI; NIE GENEROWAĆ INNYM GŁOSEM,
VOICE_meditate_focus-anchor-5_steps_05,TOŻSAMOŚĆ GŁOSU WYMAGANA,focus-anchor-5,Choose; 240–300 s; mowa musi pozostawić przestrzeń na praktykę,"Begin to end the meditation by thinking of the one task that deserves your attention next. Keep it specific. When you finish here, let that be the first place your attention goes.",DO UZUPEŁNIENIA,DO UZUPEŁNIENIA,NIEZWERYFIKOWANE,,03_guide/narration/releaf-guide/focus-anchor-5/05-choose.wav,narration/releaf-guide/focus-anchor-5/05-choose.mp3,BRAK ZATWIERDZONEJ NARRACJI; NIE GENEROWAĆ INNYM GŁOSEM,
VOICE_meditate_after-distraction-6_steps_01,TOŻSAMOŚĆ GŁOSU WYMAGANA,after-distraction-6,Stop; 0–60 s; mowa musi pozostawić przestrzeń na praktykę,"For this minute, stop switching. Let the tabs, messages, and unfinished tasks wait. You do not need to decide what deserves attention yet. Give the mind one clear signal: for the next few moments, there is only this pause.",DO UZUPEŁNIENIA,DO UZUPEŁNIENIA,NIEZWERYFIKOWANE,,03_guide/narration/releaf-guide/after-distraction-6/01-stop.wav,narration/releaf-guide/after-distraction-6/01-stop.mp3,BRAK ZATWIERDZONEJ NARRACJI; NIE GENEROWAĆ INNYM GŁOSEM,
VOICE_meditate_after-distraction-6_steps_02,TOŻSAMOŚĆ GŁOSU WYMAGANA,after-distraction-6,Body; 60–120 s; mowa musi pozostawić przestrzeń na praktykę,"Notice how the body has been holding the work. Feel the jaw, the shoulders, the hands, and the way you are sitting or standing. Find one point of support beneath you and let that physical contact bring attention out of the task and back into the room.",DO UZUPEŁNIENIA,DO UZUPEŁNIENIA,NIEZWERYFIKOWANE,,03_guide/narration/releaf-guide/after-distraction-6/02-body.wav,narration/releaf-guide/after-distraction-6/02-body.mp3,BRAK ZATWIERDZONEJ NARRACJI; NIE GENEROWAĆ INNYM GŁOSEM,
VOICE_meditate_after-distraction-6_steps_03,TOŻSAMOŚĆ GŁOSU WYMAGANA,after-distraction-6,Anchor; 120–180 s; mowa musi pozostawić przestrzeń na praktykę,"Choose one simple sensation to stay with. It might be the feeling of your feet, the temperature of the air, or the natural movement of breathing. Let that one sensation be the place you return to, without trying to concentrate perfectly.",DO UZUPEŁNIENIA,DO UZUPEŁNIENIA,NIEZWERYFIKOWANE,,03_guide/narration/releaf-guide/after-distraction-6/03-anchor.wav,narration/releaf-guide/after-distraction-6/03-anchor.mp3,BRAK ZATWIERDZONEJ NARRACJI; NIE GENEROWAĆ INNYM GŁOSEM,
VOICE_meditate_after-distraction-6_steps_04,TOŻSAMOŚĆ GŁOSU WYMAGANA,after-distraction-6,Drift; 180–240 s; mowa musi pozostawić przestrzeń na praktykę,"Sooner or later, attention will move. A thought, sound, message, or plan may pull you away. When you notice that, let the noticing itself count. You do not need to be annoyed with the distraction. You have simply recognised where attention went.",DO UZUPEŁNIENIA,DO UZUPEŁNIENIA,NIEZWERYFIKOWANE,,03_guide/narration/releaf-guide/after-distraction-6/04-drift.wav,narration/releaf-guide/after-distraction-6/04-drift.mp3,BRAK ZATWIERDZONEJ NARRACJI; NIE GENEROWAĆ INNYM GŁOSEM,
VOICE_meditate_after-distraction-6_steps_05,TOŻSAMOŚĆ GŁOSU WYMAGANA,after-distraction-6,Return; 240–300 s; mowa musi pozostawić przestrzeń na praktykę,"Come back to the anchor gently. No tightening, no forcing. If attention moves again, return again. This is the practice: not never becoming distracted, but noticing sooner and choosing where attention goes next.",DO UZUPEŁNIENIA,DO UZUPEŁNIENIA,NIEZWERYFIKOWANE,,03_guide/narration/releaf-guide/after-distraction-6/05-return.wav,narration/releaf-guide/after-distraction-6/05-return.mp3,BRAK ZATWIERDZONEJ NARRACJI; NIE GENEROWAĆ INNYM GŁOSEM,
VOICE_meditate_after-distraction-6_steps_06,TOŻSAMOŚĆ GŁOSU WYMAGANA,after-distraction-6,Next; 300–360 s; mowa musi pozostawić przestrzeń na praktykę,"Before you return to work, choose one concrete next action. One email. One paragraph. One decision. Let the rest remain outside the frame for now. When this practice ends, give that single action your first piece of attention.",DO UZUPEŁNIENIA,DO UZUPEŁNIENIA,NIEZWERYFIKOWANE,,03_guide/narration/releaf-guide/after-distraction-6/06-next.wav,narration/releaf-guide/after-distraction-6/06-next.mp3,BRAK ZATWIERDZONEJ NARRACJI; NIE GENEROWAĆ INNYM GŁOSEM,
VOICE_meditate_body-scan-5_steps_01,TOŻSAMOŚĆ GŁOSU WYMAGANA,body-scan-5,Face; 0–60 s; mowa musi pozostawić przestrzeń na praktykę,"Bring attention to the face. Notice the forehead, the space around the eyes, the cheeks, and the jaw. You do not need to relax anything deliberately. Just notice where there is movement, pressure, warmth, tightness, or very little sensation at all.",DO UZUPEŁNIENIA,DO UZUPEŁNIENIA,NIEZWERYFIKOWANE,,03_guide/narration/releaf-guide/body-scan-5/01-face.wav,narration/releaf-guide/body-scan-5/01-face.mp3,BRAK ZATWIERDZONEJ NARRACJI; NIE GENEROWAĆ INNYM GŁOSEM,
VOICE_meditate_body-scan-5_steps_02,TOŻSAMOŚĆ GŁOSU WYMAGANA,body-scan-5,Shoulders; 60–120 s; mowa musi pozostawić przestrzeń na praktykę,"Let attention move through the neck and shoulders. Notice their weight and position. If there is tension, you do not need to push it away. Feel the difference between the muscles that are working and the areas that can simply be supported.",DO UZUPEŁNIENIA,DO UZUPEŁNIENIA,NIEZWERYFIKOWANE,,03_guide/narration/releaf-guide/body-scan-5/02-shoulders.wav,narration/releaf-guide/body-scan-5/02-shoulders.mp3,BRAK ZATWIERDZONEJ NARRACJI; NIE GENEROWAĆ INNYM GŁOSEM,
VOICE_meditate_body-scan-5_steps_03,TOŻSAMOŚĆ GŁOSU WYMAGANA,body-scan-5,Center; 120–180 s; mowa musi pozostawić przestrzeń na praktykę,"Move into the centre of the body. Notice the chest, the upper and lower back, and the abdomen. Feel any small movement that comes with breathing, as well as pressure or contact from clothing and the surface beneath you.",DO UZUPEŁNIENIA,DO UZUPEŁNIENIA,NIEZWERYFIKOWANE,,03_guide/narration/releaf-guide/body-scan-5/03-center.wav,narration/releaf-guide/body-scan-5/03-center.mp3,BRAK ZATWIERDZONEJ NARRACJI; NIE GENEROWAĆ INNYM GŁOSEM,
VOICE_meditate_body-scan-5_steps_04,TOŻSAMOŚĆ GŁOSU WYMAGANA,body-scan-5,Legs; 180–240 s; mowa musi pozostawić przestrzeń na praktykę,"Now notice the hips, thighs, knees, lower legs, and feet. Feel where the legs are heavy, warm, cool, supported, or restless. There is nothing you need to change. Let attention move slowly enough to register what is already here.",DO UZUPEŁNIENIA,DO UZUPEŁNIENIA,NIEZWERYFIKOWANE,,03_guide/narration/releaf-guide/body-scan-5/04-legs.wav,narration/releaf-guide/body-scan-5/04-legs.mp3,BRAK ZATWIERDZONEJ NARRACJI; NIE GENEROWAĆ INNYM GŁOSEM,
VOICE_meditate_body-scan-5_steps_05,TOŻSAMOŚĆ GŁOSU WYMAGANA,body-scan-5,Whole Body; 240–300 s; mowa musi pozostawić przestrzeń na praktykę,"Let the separate areas come together into one sense of the whole body. Face, shoulders, centre, legs, and feet can all be present at once. Notice the body being supported here without needing to check each part individually.",DO UZUPEŁNIENIA,DO UZUPEŁNIENIA,NIEZWERYFIKOWANE,,03_guide/narration/releaf-guide/body-scan-5/05-whole-body.wav,narration/releaf-guide/body-scan-5/05-whole-body.mp3,BRAK ZATWIERDZONEJ NARRACJI; NIE GENEROWAĆ INNYM GŁOSEM,
VOICE_meditate_soften-tension-4_steps_01,TOŻSAMOŚĆ GŁOSU WYMAGANA,soften-tension-4,Notice; 0–60 s; mowa musi pozostawić przestrzeń na praktykę,"Notice a few places that often work harder than necessary: the jaw, the muscles around the eyes, the hands, and the shoulders. Do not correct them yet. First, simply notice how much effort each area is using right now.",DO UZUPEŁNIENIA,DO UZUPEŁNIENIA,NIEZWERYFIKOWANE,,03_guide/narration/releaf-guide/soften-tension-4/01-notice.wav,narration/releaf-guide/soften-tension-4/01-notice.mp3,BRAK ZATWIERDZONEJ NARRACJI; NIE GENEROWAĆ INNYM GŁOSEM,
VOICE_meditate_soften-tension-4_steps_02,TOŻSAMOŚĆ GŁOSU WYMAGANA,soften-tension-4,Compare; 60–120 s; mowa musi pozostawić przestrzeń na praktykę,"Some muscular effort is useful. It helps you sit, hold the phone, or keep your head upright. See if you can distinguish that useful effort from extra gripping or bracing that is not doing a job for you in this moment.",DO UZUPEŁNIENIA,DO UZUPEŁNIENIA,NIEZWERYFIKOWANE,,03_guide/narration/releaf-guide/soften-tension-4/02-compare.wav,narration/releaf-guide/soften-tension-4/02-compare.mp3,BRAK ZATWIERDZONEJ NARRACJI; NIE GENEROWAĆ INNYM GŁOSEM,
VOICE_meditate_soften-tension-4_steps_03,TOŻSAMOŚĆ GŁOSU WYMAGANA,soften-tension-4,Soften; 120–180 s; mowa musi pozostawić przestrzeń na praktykę,"Experiment with using a little less effort. Perhaps let the jaw be less fixed, the hands less clenched, or the shoulders less lifted. Keep the change small. You are not trying to make the body completely relaxed, only to stop doing work that is not needed.",DO UZUPEŁNIENIA,DO UZUPEŁNIENIA,NIEZWERYFIKOWANE,,03_guide/narration/releaf-guide/soften-tension-4/03-soften.wav,narration/releaf-guide/soften-tension-4/03-soften.mp3,BRAK ZATWIERDZONEJ NARRACJI; NIE GENEROWAĆ INNYM GŁOSEM,
VOICE_meditate_soften-tension-4_steps_04,TOŻSAMOŚĆ GŁOSU WYMAGANA,soften-tension-4,Whole Body; 180–240 s; mowa musi pozostawić przestrzeń na praktykę,"Now notice the whole body together. Let it settle in whatever way is available today. Some tension may remain, and that is fine. Finish by noticing the difference between forcing relaxation and simply giving the body permission to use less effort.",DO UZUPEŁNIENIA,DO UZUPEŁNIENIA,NIEZWERYFIKOWANE,,03_guide/narration/releaf-guide/soften-tension-4/04-whole-body.wav,narration/releaf-guide/soften-tension-4/04-whole-body.mp3,BRAK ZATWIERDZONEJ NARRACJI; NIE GENEROWAĆ INNYM GŁOSEM,
VOICE_meditate_self-kindness-5_steps_01,TOŻSAMOŚĆ GŁOSU WYMAGANA,self-kindness-5,Notice; 0–60 s; mowa musi pozostawić przestrzeń na praktykę,"Notice what feels difficult right now without turning it into a bigger story. It may be a feeling, a mistake, a conversation, or simply a hard day. Name the difficulty quietly and notice what happens in the body when you acknowledge it.",DO UZUPEŁNIENIA,DO UZUPEŁNIENIA,NIEZWERYFIKOWANE,,03_guide/narration/releaf-guide/self-kindness-5/01-notice.wav,narration/releaf-guide/self-kindness-5/01-notice.mp3,BRAK ZATWIERDZONEJ NARRACJI; NIE GENEROWAĆ INNYM GŁOSEM,
VOICE_meditate_self-kindness-5_steps_02,TOŻSAMOŚĆ GŁOSU WYMAGANA,self-kindness-5,Soften; 60–120 s; mowa musi pozostawić przestrzeń na praktykę,Notice the tone you are using with yourself. See if you can remove one layer of criticism without pretending the situation is easy. The aim is not positive thinking. It is simply to stop adding unnecessary hostility to something that is already difficult.,DO UZUPEŁNIENIA,DO UZUPEŁNIENIA,NIEZWERYFIKOWANE,,03_guide/narration/releaf-guide/self-kindness-5/02-soften.wav,narration/releaf-guide/self-kindness-5/02-soften.mp3,BRAK ZATWIERDZONEJ NARRACJI; NIE GENEROWAĆ INNYM GŁOSEM,
VOICE_meditate_self-kindness-5_steps_03,TOŻSAMOŚĆ GŁOSU WYMAGANA,self-kindness-5,Kindness; 120–180 s; mowa musi pozostawić przestrzeń na praktykę,"Think of one simple sentence you might offer to someone you care about in the same situation. Maybe: this is hard, take one thing at a time, or you do not have to solve everything right now. Try offering the same sentence to yourself.",DO UZUPEŁNIENIA,DO UZUPEŁNIENIA,NIEZWERYFIKOWANE,,03_guide/narration/releaf-guide/self-kindness-5/03-kindness.wav,narration/releaf-guide/self-kindness-5/03-kindness.mp3,BRAK ZATWIERDZONEJ NARRACJI; NIE GENEROWAĆ INNYM GŁOSEM,
VOICE_meditate_self-kindness-5_steps_04,TOŻSAMOŚĆ GŁOSU WYMAGANA,self-kindness-5,Allow; 180–240 s; mowa musi pozostawić przestrzeń na praktykę,"Let both things be true for a moment: this may still be difficult, and you can respond to yourself with less aggression. You do not need the kinder response to erase the feeling. Notice whether it changes the way you are carrying it.",DO UZUPEŁNIENIA,DO UZUPEŁNIENIA,NIEZWERYFIKOWANE,,03_guide/narration/releaf-guide/self-kindness-5/04-allow.wav,narration/releaf-guide/self-kindness-5/04-allow.mp3,BRAK ZATWIERDZONEJ NARRACJI; NIE GENEROWAĆ INNYM GŁOSEM,
VOICE_meditate_self-kindness-5_steps_05,TOŻSAMOŚĆ GŁOSU WYMAGANA,self-kindness-5,Return; 240–300 s; mowa musi pozostawić przestrzeń na praktykę,"Bring attention back to the room. Notice one sound, one point of support, and the next thing that actually needs your attention. Finish without demanding a particular feeling from yourself. A kinder next step is enough.",DO UZUPEŁNIENIA,DO UZUPEŁNIENIA,NIEZWERYFIKOWANE,,03_guide/narration/releaf-guide/self-kindness-5/05-return.wav,narration/releaf-guide/self-kindness-5/05-return.mp3,BRAK ZATWIERDZONEJ NARRACJI; NIE GENEROWAĆ INNYM GŁOSEM,
VOICE_meditate_morning-arrival-4_steps_01,TOŻSAMOŚĆ GŁOSU WYMAGANA,morning-arrival-4,Wake; 0–60 s; mowa musi pozostawić przestrzeń na praktykę,"Before the day gathers speed, notice how the body actually feels. Heavy or light, rested or tired, comfortable or tense. You do not need to improve the feeling. Just begin the morning by knowing what is already here.",DO UZUPEŁNIENIA,DO UZUPEŁNIENIA,NIEZWERYFIKOWANE,,03_guide/narration/releaf-guide/morning-arrival-4/01-wake.wav,narration/releaf-guide/morning-arrival-4/01-wake.mp3,BRAK ZATWIERDZONEJ NARRACJI; NIE GENEROWAĆ INNYM GŁOSEM,
VOICE_meditate_morning-arrival-4_steps_02,TOŻSAMOŚĆ GŁOSU WYMAGANA,morning-arrival-4,Listen; 60–120 s; mowa musi pozostawić przestrzeń na praktykę,"Let attention move to the sounds that are already present. Near sounds, distant sounds, quiet sounds. There is nothing you need to search for. Let listening bring you into the room and into this morning.",DO UZUPEŁNIENIA,DO UZUPEŁNIENIA,NIEZWERYFIKOWANE,,03_guide/narration/releaf-guide/morning-arrival-4/02-listen.wav,narration/releaf-guide/morning-arrival-4/02-listen.mp3,BRAK ZATWIERDZONEJ NARRACJI; NIE GENEROWAĆ INNYM GŁOSEM,
VOICE_meditate_morning-arrival-4_steps_03,TOŻSAMOŚĆ GŁOSU WYMAGANA,morning-arrival-4,Breathe; 120–180 s; mowa musi pozostawić przestrzeń na praktykę,Now notice a few natural breaths. Do not make them deeper unless the body wants to. Feel the small movement of breathing and give yourself permission not to rush the next moment.,DO UZUPEŁNIENIA,DO UZUPEŁNIENIA,NIEZWERYFIKOWANE,,03_guide/narration/releaf-guide/morning-arrival-4/03-breathe.wav,narration/releaf-guide/morning-arrival-4/03-breathe.mp3,BRAK ZATWIERDZONEJ NARRACJI; NIE GENEROWAĆ INNYM GŁOSEM,
VOICE_meditate_morning-arrival-4_steps_04,TOŻSAMOŚĆ GŁOSU WYMAGANA,morning-arrival-4,Choose; 180–240 s; mowa musi pozostawić przestrzeń na praktykę,"Before you finish, choose one thing that genuinely deserves your attention today. Not everything at once. Just one direction, task, or person you would like to meet with a little more presence.",DO UZUPEŁNIENIA,DO UZUPEŁNIENIA,NIEZWERYFIKOWANE,,03_guide/narration/releaf-guide/morning-arrival-4/04-choose.wav,narration/releaf-guide/morning-arrival-4/04-choose.mp3,BRAK ZATWIERDZONEJ NARRACJI; NIE GENEROWAĆ INNYM GŁOSEM,
VOICE_meditate_work-break-3_steps_01,TOŻSAMOŚĆ GŁOSU WYMAGANA,work-break-3,Stop; 0–60 s; mowa musi pozostawić przestrzeń na praktykę,"For this minute, stop doing the task. Let your hands move away from the keyboard or whatever you have been working on. The work can remain unfinished. This pause is not another task to complete; it is simply a short break from task pressure.",DO UZUPEŁNIENIA,DO UZUPEŁNIENIA,NIEZWERYFIKOWANE,,03_guide/narration/releaf-guide/work-break-3/01-stop.wav,narration/releaf-guide/work-break-3/01-stop.mp3,BRAK ZATWIERDZONEJ NARRACJI; NIE GENEROWAĆ INNYM GŁOSEM,
VOICE_meditate_work-break-3_steps_02,TOŻSAMOŚĆ GŁOSU WYMAGANA,work-break-3,Notice; 60–120 s; mowa musi pozostawić przestrzeń na praktykę,"Look around and notice three ordinary things in the room. Then notice one clear sensation in the body: feet on the floor, hands resting, or the support of the chair. Let attention move from the work into the environment you are actually sitting in.",DO UZUPEŁNIENIA,DO UZUPEŁNIENIA,NIEZWERYFIKOWANE,,03_guide/narration/releaf-guide/work-break-3/02-notice.wav,narration/releaf-guide/work-break-3/02-notice.mp3,BRAK ZATWIERDZONEJ NARRACJI; NIE GENEROWAĆ INNYM GŁOSEM,
VOICE_meditate_work-break-3_steps_03,TOŻSAMOŚĆ GŁOSU WYMAGANA,work-break-3,Return; 120–180 s; mowa musi pozostawić przestrzeń na praktykę,"Before you return, choose the first useful action. Make it specific and small enough to begin immediately. You do not need to organise the whole workload during this break. When the session ends, return to that one action first.",DO UZUPEŁNIENIA,DO UZUPEŁNIENIA,NIEZWERYFIKOWANE,,03_guide/narration/releaf-guide/work-break-3/03-return.wav,narration/releaf-guide/work-break-3/03-return.mp3,BRAK ZATWIERDZONEJ NARRACJI; NIE GENEROWAĆ INNYM GŁOSEM,
VOICE_meditate_steady-attention-10_steps_01,TOŻSAMOŚĆ GŁOSU WYMAGANA,steady-attention-10,Arrive; 0–75 s; mowa musi pozostawić przestrzeń na praktykę,"Settle into a position you can stay with for a while. Notice where the chair, floor, or bed is already supporting you. Let your hands rest. There is no need to prepare perfectly. Give the body a moment to arrive before asking attention to do anything.",DO UZUPEŁNIENIA,DO UZUPEŁNIENIA,NIEZWERYFIKOWANE,,03_guide/narration/releaf-guide/steady-attention-10/01-arrive.wav,narration/releaf-guide/steady-attention-10/01-arrive.mp3,BRAK ZATWIERDZONEJ NARRACJI; NIE GENEROWAĆ INNYM GŁOSEM,
VOICE_meditate_steady-attention-10_steps_02,TOŻSAMOŚĆ GŁOSU WYMAGANA,steady-attention-10,Anchor; 75–195 s; mowa musi pozostawić przestrzeń na praktykę,"Choose one clear sensation as an anchor. It might be breathing, the pressure of your feet, or the contact of your hands. Stay close to the actual sensation rather than the idea of it. You do not need to hold attention there continuously. Let it simply be the place you return to.",DO UZUPEŁNIENIA,DO UZUPEŁNIENIA,NIEZWERYFIKOWANE,,03_guide/narration/releaf-guide/steady-attention-10/02-anchor.wav,narration/releaf-guide/steady-attention-10/02-anchor.mp3,BRAK ZATWIERDZONEJ NARRACJI; NIE GENEROWAĆ INNYM GŁOSEM,
VOICE_meditate_steady-attention-10_steps_03,TOŻSAMOŚĆ GŁOSU WYMAGANA,steady-attention-10,Drift; 195–285 s; mowa musi pozostawić przestrzeń na praktykę,"At some point attention will move. Perhaps into a thought, a sound, a memory, or a plan. See if you can notice that movement without treating it as a mistake. The useful moment is not perfect focus. The useful moment is recognising that attention has gone somewhere else.",DO UZUPEŁNIENIA,DO UZUPEŁNIENIA,NIEZWERYFIKOWANE,,03_guide/narration/releaf-guide/steady-attention-10/03-drift.wav,narration/releaf-guide/steady-attention-10/03-drift.mp3,BRAK ZATWIERDZONEJ NARRACJI; NIE GENEROWAĆ INNYM GŁOSEM,
VOICE_meditate_steady-attention-10_steps_04,TOŻSAMOŚĆ GŁOSU WYMAGANA,steady-attention-10,Return; 285–405 s; mowa musi pozostawić przestrzeń na praktykę,"Return to the anchor with as little drama as possible. No need to force concentration or make the next moment better than the last. Notice the sensation again. If attention moves, return again. Repetition is the practice here.",DO UZUPEŁNIENIA,DO UZUPEŁNIENIA,NIEZWERYFIKOWANE,,03_guide/narration/releaf-guide/steady-attention-10/04-return.wav,narration/releaf-guide/steady-attention-10/04-return.mp3,BRAK ZATWIERDZONEJ NARRACJI; NIE GENEROWAĆ INNYM GŁOSEM,
VOICE_meditate_steady-attention-10_steps_05,TOŻSAMOŚĆ GŁOSU WYMAGANA,steady-attention-10,Widen; 405–510 s; mowa musi pozostawić przestrzeń na praktykę,Let awareness become a little wider. Keep some contact with the anchor while also allowing sounds and other body sensations to be present. Nothing has to be pushed out. Practise letting attention stay organised without becoming narrow.,DO UZUPEŁNIENIA,DO UZUPEŁNIENIA,NIEZWERYFIKOWANE,,03_guide/narration/releaf-guide/steady-attention-10/05-widen.wav,narration/releaf-guide/steady-attention-10/05-widen.mp3,BRAK ZATWIERDZONEJ NARRACJI; NIE GENEROWAĆ INNYM GŁOSEM,
VOICE_meditate_steady-attention-10_steps_06,TOŻSAMOŚĆ GŁOSU WYMAGANA,steady-attention-10,Close; 510–600 s; mowa musi pozostawić przestrzeń na praktykę,"Let the anchor become less important now. Notice the whole body, the room, and the sounds around you. Before you finish, choose where you want your attention to go next. Let that choice be deliberate rather than automatic.",DO UZUPEŁNIENIA,DO UZUPEŁNIENIA,NIEZWERYFIKOWANE,,03_guide/narration/releaf-guide/steady-attention-10/06-close.wav,narration/releaf-guide/steady-attention-10/06-close.mp3,BRAK ZATWIERDZONEJ NARRACJI; NIE GENEROWAĆ INNYM GŁOSEM,
VOICE_meditate_sitting-with-uncertainty-8_steps_01,TOŻSAMOŚĆ GŁOSU WYMAGANA,sitting-with-uncertainty-8,Orient; 0–60 s; mowa musi pozostawić przestrzeń na praktykę,"Begin with what is certain in this moment. Notice the room, the surface beneath you, and one ordinary sound. Let these simple details remind you that you are here now, before the mind moves ahead into what might happen.",DO UZUPEŁNIENIA,DO UZUPEŁNIENIA,NIEZWERYFIKOWANE,,03_guide/narration/releaf-guide/sitting-with-uncertainty-8/01-orient.wav,narration/releaf-guide/sitting-with-uncertainty-8/01-orient.mp3,BRAK ZATWIERDZONEJ NARRACJI; NIE GENEROWAĆ INNYM GŁOSEM,
VOICE_meditate_sitting-with-uncertainty-8_steps_02,TOŻSAMOŚĆ GŁOSU WYMAGANA,sitting-with-uncertainty-8,Name; 60–140 s; mowa musi pozostawić przestrzeń na praktykę,"Notice the simple fact that you do not know exactly what comes next. Try not to turn that uncertainty into a prediction. Not knowing is different from knowing that something bad will happen. For now, just name the uncertainty and let it be unfinished.",DO UZUPEŁNIENIA,DO UZUPEŁNIENIA,NIEZWERYFIKOWANE,,03_guide/narration/releaf-guide/sitting-with-uncertainty-8/02-name.wav,narration/releaf-guide/sitting-with-uncertainty-8/02-name.mp3,BRAK ZATWIERDZONEJ NARRACJI; NIE GENEROWAĆ INNYM GŁOSEM,
VOICE_meditate_sitting-with-uncertainty-8_steps_03,TOŻSAMOŚĆ GŁOSU WYMAGANA,sitting-with-uncertainty-8,Body; 140–230 s; mowa musi pozostawić przestrzeń na praktykę,"Notice where uncertainty shows up in the body. Perhaps pressure, tightness, warmth, restlessness, or something harder to name. Describe the sensation simply, without explaining why it is there. Stay with the physical information rather than the prediction.",DO UZUPEŁNIENIA,DO UZUPEŁNIENIA,NIEZWERYFIKOWANE,,03_guide/narration/releaf-guide/sitting-with-uncertainty-8/03-body.wav,narration/releaf-guide/sitting-with-uncertainty-8/03-body.mp3,BRAK ZATWIERDZONEJ NARRACJI; NIE GENEROWAĆ INNYM GŁOSEM,
VOICE_meditate_sitting-with-uncertainty-8_steps_04,TOŻSAMOŚĆ GŁOSU WYMAGANA,sitting-with-uncertainty-8,Allow; 230–320 s; mowa musi pozostawić przestrzeń na praktykę,See if the sensation can be here for this moment without becoming a problem you must solve immediately. You are not agreeing with it or asking it to stay. You are only noticing that you can continue to sit here while the feeling changes in its own way.,DO UZUPEŁNIENIA,DO UZUPEŁNIENIA,NIEZWERYFIKOWANE,,03_guide/narration/releaf-guide/sitting-with-uncertainty-8/04-allow.wav,narration/releaf-guide/sitting-with-uncertainty-8/04-allow.mp3,BRAK ZATWIERDZONEJ NARRACJI; NIE GENEROWAĆ INNYM GŁOSEM,
VOICE_meditate_sitting-with-uncertainty-8_steps_05,TOŻSAMOŚĆ GŁOSU WYMAGANA,sitting-with-uncertainty-8,Space; 320–410 s; mowa musi pozostawić przestrzeń na praktykę,Let thoughts come and go without following every branch. Keep some awareness with the body and the room at the same time. The mind may keep offering possibilities. You do not need to answer each one.,DO UZUPEŁNIENIA,DO UZUPEŁNIENIA,NIEZWERYFIKOWANE,,03_guide/narration/releaf-guide/sitting-with-uncertainty-8/05-space.wav,narration/releaf-guide/sitting-with-uncertainty-8/05-space.mp3,BRAK ZATWIERDZONEJ NARRACJI; NIE GENEROWAĆ INNYM GŁOSEM,
VOICE_meditate_sitting-with-uncertainty-8_steps_06,TOŻSAMOŚĆ GŁOSU WYMAGANA,sitting-with-uncertainty-8,Return; 410–480 s; mowa musi pozostawić przestrzeń na praktykę,"Before you finish, choose one useful next action that does not require certainty. Something small and real that can be done with the information you already have. Let action come from what is available now, rather than waiting to feel completely sure.",DO UZUPEŁNIENIA,DO UZUPEŁNIENIA,NIEZWERYFIKOWANE,,03_guide/narration/releaf-guide/sitting-with-uncertainty-8/06-return.wav,narration/releaf-guide/sitting-with-uncertainty-8/06-return.mp3,BRAK ZATWIERDZONEJ NARRACJI; NIE GENEROWAĆ INNYM GŁOSEM,
VOICE_meditate_whole-body-scan-10_steps_01,TOŻSAMOŚĆ GŁOSU WYMAGANA,whole-body-scan-10,Settle; 0–60 s; mowa musi pozostawić przestrzeń na praktykę,Notice the weight of the body and the places already being supported. Let the surface beneath you take the weight it can take. There is nothing to scan yet. Begin with the simple sense of the whole body being here.,DO UZUPEŁNIENIA,DO UZUPEŁNIENIA,NIEZWERYFIKOWANE,,03_guide/narration/releaf-guide/whole-body-scan-10/01-settle.wav,narration/releaf-guide/whole-body-scan-10/01-settle.mp3,BRAK ZATWIERDZONEJ NARRACJI; NIE GENEROWAĆ INNYM GŁOSEM,
VOICE_meditate_whole-body-scan-10_steps_02,TOŻSAMOŚĆ GŁOSU WYMAGANA,whole-body-scan-10,Face & Neck; 60–150 s; mowa musi pozostawić przestrzeń na praktykę,"Bring attention through the forehead, eyes, cheeks, jaw, and neck. Notice pressure, temperature, movement, or areas with very little sensation. There is no need to make the face soft. Let yourself notice before changing anything.",DO UZUPEŁNIENIA,DO UZUPEŁNIENIA,NIEZWERYFIKOWANE,,03_guide/narration/releaf-guide/whole-body-scan-10/02-face-neck.wav,narration/releaf-guide/whole-body-scan-10/02-face-neck.mp3,BRAK ZATWIERDZONEJ NARRACJI; NIE GENEROWAĆ INNYM GŁOSEM,
VOICE_meditate_whole-body-scan-10_steps_03,TOŻSAMOŚĆ GŁOSU WYMAGANA,whole-body-scan-10,Upper Body; 150–250 s; mowa musi pozostawić przestrzeń na praktykę,"Move through the shoulders, arms, hands, and upper back. Notice heaviness, contact, warmth, tension, or ease. If one area calls for more attention, let it have a few moments without trying to fix what you find.",DO UZUPEŁNIENIA,DO UZUPEŁNIENIA,NIEZWERYFIKOWANE,,03_guide/narration/releaf-guide/whole-body-scan-10/03-upper-body.wav,narration/releaf-guide/whole-body-scan-10/03-upper-body.mp3,BRAK ZATWIERDZONEJ NARRACJI; NIE GENEROWAĆ INNYM GŁOSEM,
VOICE_meditate_whole-body-scan-10_steps_04,TOŻSAMOŚĆ GŁOSU WYMAGANA,whole-body-scan-10,Center; 250–350 s; mowa musi pozostawić przestrzeń na praktykę,"Bring attention through the chest, ribs, abdomen, and lower back. Notice the movement already happening with breathing. Feel pressure from clothing or support beneath you. Let the centre of the body be experienced rather than analysed.",DO UZUPEŁNIENIA,DO UZUPEŁNIENIA,NIEZWERYFIKOWANE,,03_guide/narration/releaf-guide/whole-body-scan-10/04-center.wav,narration/releaf-guide/whole-body-scan-10/04-center.mp3,BRAK ZATWIERDZONEJ NARRACJI; NIE GENEROWAĆ INNYM GŁOSEM,
VOICE_meditate_whole-body-scan-10_steps_05,TOŻSAMOŚĆ GŁOSU WYMAGANA,whole-body-scan-10,Lower Body; 350–450 s; mowa musi pozostawić przestrzeń na praktykę,"Notice the hips, legs, knees, ankles, and feet. Feel their weight and contact with the surface beneath you. There may be restlessness or tension. Let those sensations be part of the scan without needing the lower body to become still.",DO UZUPEŁNIENIA,DO UZUPEŁNIENIA,NIEZWERYFIKOWANE,,03_guide/narration/releaf-guide/whole-body-scan-10/05-lower-body.wav,narration/releaf-guide/whole-body-scan-10/05-lower-body.mp3,BRAK ZATWIERDZONEJ NARRACJI; NIE GENEROWAĆ INNYM GŁOSEM,
VOICE_meditate_whole-body-scan-10_steps_06,TOŻSAMOŚĆ GŁOSU WYMAGANA,whole-body-scan-10,Whole Body; 450–550 s; mowa musi pozostawić przestrzeń na praktykę,"Now let the separate regions come together. Notice the whole body at once, not as a picture but as changing sensation. Some areas may feel clear and others vague. Let all of that belong to one field of experience.",DO UZUPEŁNIENIA,DO UZUPEŁNIENIA,NIEZWERYFIKOWANE,,03_guide/narration/releaf-guide/whole-body-scan-10/06-whole-body.wav,narration/releaf-guide/whole-body-scan-10/06-whole-body.mp3,BRAK ZATWIERDZONEJ NARRACJI; NIE GENEROWAĆ INNYM GŁOSEM,
VOICE_meditate_whole-body-scan-10_steps_07,TOŻSAMOŚĆ GŁOSU WYMAGANA,whole-body-scan-10,Close; 550–600 s; mowa musi pozostawić przestrzeń na praktykę,"Let attention widen beyond the body. Notice sounds and the room again. Allow the scan to end without deciding whether anything changed enough. When you are ready, reconnect with what comes next.",DO UZUPEŁNIENIA,DO UZUPEŁNIENIA,NIEZWERYFIKOWANE,,03_guide/narration/releaf-guide/whole-body-scan-10/07-close.wav,narration/releaf-guide/whole-body-scan-10/07-close.mp3,BRAK ZATWIERDZONEJ NARRACJI; NIE GENEROWAĆ INNYM GŁOSEM,
VOICE_meditate_open-field-10_steps_01,TOŻSAMOŚĆ GŁOSU WYMAGANA,open-field-10,Anchor; 0–90 s; mowa musi pozostawić przestrzeń na praktykę,"Begin with one simple sensation. Let it give attention a clear starting point. Stay there for a while, not because you need to exclude everything else, but because a stable place to begin makes it easier to notice when awareness widens.",DO UZUPEŁNIENIA,DO UZUPEŁNIENIA,NIEZWERYFIKOWANE,,03_guide/narration/releaf-guide/open-field-10/01-anchor.wav,narration/releaf-guide/open-field-10/01-anchor.mp3,BRAK ZATWIERDZONEJ NARRACJI; NIE GENEROWAĆ INNYM GŁOSEM,
VOICE_meditate_open-field-10_steps_02,TOŻSAMOŚĆ GŁOSU WYMAGANA,open-field-10,Sounds; 90–190 s; mowa musi pozostawić przestrzeń na praktykę,"Allow sounds to become part of awareness. Near or distant, pleasant or ordinary. Do not search for the next sound. Let it arrive, change, and disappear in its own time while you remain here listening.",DO UZUPEŁNIENIA,DO UZUPEŁNIENIA,NIEZWERYFIKOWANE,,03_guide/narration/releaf-guide/open-field-10/02-sounds.wav,narration/releaf-guide/open-field-10/02-sounds.mp3,BRAK ZATWIERDZONEJ NARRACJI; NIE GENEROWAĆ INNYM GŁOSEM,
VOICE_meditate_open-field-10_steps_03,TOŻSAMOŚĆ GŁOSU WYMAGANA,open-field-10,Body; 190–290 s; mowa musi pozostawić przestrzeń na praktykę,"Include the body now without scanning it part by part. Let pressure, temperature, breathing, and other sensations appear wherever they are noticeable. There is no need to move attention around deliberately.",DO UZUPEŁNIENIA,DO UZUPEŁNIENIA,NIEZWERYFIKOWANE,,03_guide/narration/releaf-guide/open-field-10/03-body.wav,narration/releaf-guide/open-field-10/03-body.mp3,BRAK ZATWIERDZONEJ NARRACJI; NIE GENEROWAĆ INNYM GŁOSEM,
VOICE_meditate_open-field-10_steps_04,TOŻSAMOŚĆ GŁOSU WYMAGANA,open-field-10,Thoughts; 290–390 s; mowa musi pozostawić przestrzeń na praktykę,Thoughts can be included too. Notice when one appears and when another takes its place. A thought may feel important without needing to be followed right now. Let thinking be one more changing event inside awareness.,DO UZUPEŁNIENIA,DO UZUPEŁNIENIA,NIEZWERYFIKOWANE,,03_guide/narration/releaf-guide/open-field-10/04-thoughts.wav,narration/releaf-guide/open-field-10/04-thoughts.mp3,BRAK ZATWIERDZONEJ NARRACJI; NIE GENEROWAĆ INNYM GŁOSEM,
VOICE_meditate_open-field-10_steps_05,TOŻSAMOŚĆ GŁOSU WYMAGANA,open-field-10,Open; 390–530 s; mowa musi pozostawić przestrzeń na praktykę,"Let the field stay open. Sounds, sensations, thoughts, and quiet can all be present together. Nothing needs to become the centre for long. Notice how experience changes when you stop choosing one thing to hold onto.",DO UZUPEŁNIENIA,DO UZUPEŁNIENIA,NIEZWERYFIKOWANE,,03_guide/narration/releaf-guide/open-field-10/05-open.wav,narration/releaf-guide/open-field-10/05-open.mp3,BRAK ZATWIERDZONEJ NARRACJI; NIE GENEROWAĆ INNYM GŁOSEM,
VOICE_meditate_open-field-10_steps_06,TOŻSAMOŚĆ GŁOSU WYMAGANA,open-field-10,Close; 530–600 s; mowa musi pozostawić przestrzeń na praktykę,"Begin to narrow attention again. Feel the body, the surface beneath you, and the room around you. Let the practice close gradually. Take a moment before moving into the next task.",DO UZUPEŁNIENIA,DO UZUPEŁNIENIA,NIEZWERYFIKOWANE,,03_guide/narration/releaf-guide/open-field-10/06-close.wav,narration/releaf-guide/open-field-10/06-close.mp3,BRAK ZATWIERDZONEJ NARRACJI; NIE GENEROWAĆ INNYM GŁOSEM,
VOICE_meditate_let-the-day-go-6_steps_01,TOŻSAMOŚĆ GŁOSU WYMAGANA,let-the-day-go-6,Arrive; 0–60 s; mowa musi pozostawić przestrzeń na praktykę,"Let your body be held by the surface beneath you. Feel the weight of the day beginning to settle. For these next few minutes there is nothing else you need to complete, organise, or solve.",DO UZUPEŁNIENIA,DO UZUPEŁNIENIA,NIEZWERYFIKOWANE,,03_guide/narration/releaf-guide/let-the-day-go-6/01-arrive.wav,narration/releaf-guide/let-the-day-go-6/01-arrive.mp3,BRAK ZATWIERDZONEJ NARRACJI; NIE GENEROWAĆ INNYM GŁOSEM,
VOICE_meditate_let-the-day-go-6_steps_02,TOŻSAMOŚĆ GŁOSU WYMAGANA,let-the-day-go-6,Day; 60–120 s; mowa musi pozostawić przestrzeń na praktykę,"Notice what your mind is still carrying from today. A conversation, an unfinished task, something you wish had gone differently. You do not need to reopen the whole story. Just recognise what is still asking for your attention.",DO UZUPEŁNIENIA,DO UZUPEŁNIENIA,NIEZWERYFIKOWANE,,03_guide/narration/releaf-guide/let-the-day-go-6/02-day.wav,narration/releaf-guide/let-the-day-go-6/02-day.mp3,BRAK ZATWIERDZONEJ NARRACJI; NIE GENEROWAĆ INNYM GŁOSEM,
VOICE_meditate_let-the-day-go-6_steps_03,TOŻSAMOŚĆ GŁOSU WYMAGANA,let-the-day-go-6,Set Down; 120–180 s; mowa musi pozostawić przestrzeń na praktykę,"See if you can let unfinished things remain unfinished for tonight. Tomorrow can hold tomorrow's decisions. Right now, you are allowed to stop working on the day, even if everything is not perfectly resolved.",DO UZUPEŁNIENIA,DO UZUPEŁNIENIA,NIEZWERYFIKOWANE,,03_guide/narration/releaf-guide/let-the-day-go-6/03-set-down.wav,narration/releaf-guide/let-the-day-go-6/03-set-down.mp3,BRAK ZATWIERDZONEJ NARRACJI; NIE GENEROWAĆ INNYM GŁOSEM,
VOICE_meditate_let-the-day-go-6_steps_04,TOŻSAMOŚĆ GŁOSU WYMAGANA,let-the-day-go-6,Body; 180–240 s; mowa musi pozostawić przestrzeń na praktykę,"Bring attention to the jaw, the shoulders, and the hands. Notice where the body is still using effort. You do not have to force relaxation. Simply let the surface beneath you carry a little more of your weight.",DO UZUPEŁNIENIA,DO UZUPEŁNIENIA,NIEZWERYFIKOWANE,,03_guide/narration/releaf-guide/let-the-day-go-6/04-body.wav,narration/releaf-guide/let-the-day-go-6/04-body.mp3,BRAK ZATWIERDZONEJ NARRACJI; NIE GENEROWAĆ INNYM GŁOSEM,
VOICE_meditate_let-the-day-go-6_steps_05,TOŻSAMOŚĆ GŁOSU WYMAGANA,let-the-day-go-6,Quiet; 240–300 s; mowa musi pozostawić przestrzeń na praktykę,"Let ordinary sensations become more important than the next thought. A sound in the room. The natural breath. The weight and temperature of the body. Each time the mind starts another story, return to something simple and physical.",DO UZUPEŁNIENIA,DO UZUPEŁNIENIA,NIEZWERYFIKOWANE,,03_guide/narration/releaf-guide/let-the-day-go-6/05-quiet.wav,narration/releaf-guide/let-the-day-go-6/05-quiet.mp3,BRAK ZATWIERDZONEJ NARRACJI; NIE GENEROWAĆ INNYM GŁOSEM,
VOICE_meditate_let-the-day-go-6_steps_06,TOŻSAMOŚĆ GŁOSU WYMAGANA,let-the-day-go-6,Close; 300–360 s; mowa musi pozostawić przestrzeń na praktykę,Let the guidance begin to fade into the background. There is no need to check whether you are perfectly calm or ready for sleep. Simply notice that the day is no longer asking anything from you in this moment.,DO UZUPEŁNIENIA,DO UZUPEŁNIENIA,NIEZWERYFIKOWANE,,03_guide/narration/releaf-guide/let-the-day-go-6/06-close.wav,narration/releaf-guide/let-the-day-go-6/06-close.mp3,BRAK ZATWIERDZONEJ NARRACJI; NIE GENEROWAĆ INNYM GŁOSEM,
VOICE_meditate_body-into-stillness-8_steps_01,TOŻSAMOŚĆ GŁOSU WYMAGANA,body-into-stillness-8,Settle; 0–80 s; mowa musi pozostawić przestrzeń na praktykę,"Let the body become heavier where it is supported. Notice the bed, chair, or floor beneath you. You do not need to make yourself sleepy or relaxed. Simply allow the body to stop holding more weight than it needs to hold.",DO UZUPEŁNIENIA,DO UZUPEŁNIENIA,NIEZWERYFIKOWANE,,03_guide/narration/releaf-guide/body-into-stillness-8/01-settle.wav,narration/releaf-guide/body-into-stillness-8/01-settle.mp3,BRAK ZATWIERDZONEJ NARRACJI; NIE GENEROWAĆ INNYM GŁOSEM,
VOICE_meditate_body-into-stillness-8_steps_02,TOŻSAMOŚĆ GŁOSU WYMAGANA,body-into-stillness-8,Face; 80–160 s; mowa musi pozostawić przestrzeń na praktykę,"Notice the forehead, the muscles around the eyes, the jaw, and the tongue. See whether any of these areas are doing work that is not needed now. If so, let the effort reduce a little. No forcing.",DO UZUPEŁNIENIA,DO UZUPEŁNIENIA,NIEZWERYFIKOWANE,,03_guide/narration/releaf-guide/body-into-stillness-8/02-face.wav,narration/releaf-guide/body-into-stillness-8/02-face.mp3,BRAK ZATWIERDZONEJ NARRACJI; NIE GENEROWAĆ INNYM GŁOSEM,
VOICE_meditate_body-into-stillness-8_steps_03,TOŻSAMOŚĆ GŁOSU WYMAGANA,body-into-stillness-8,Shoulders; 160–240 s; mowa musi pozostawić przestrzeń na praktykę,"Move through the neck, shoulders, arms, and hands. Feel their weight and position. Let the arms be carried by the surface beneath them. If tension remains, allow it to remain without turning it into another task.",DO UZUPEŁNIENIA,DO UZUPEŁNIENIA,NIEZWERYFIKOWANE,,03_guide/narration/releaf-guide/body-into-stillness-8/03-shoulders.wav,narration/releaf-guide/body-into-stillness-8/03-shoulders.mp3,BRAK ZATWIERDZONEJ NARRACJI; NIE GENEROWAĆ INNYM GŁOSEM,
VOICE_meditate_body-into-stillness-8_steps_04,TOŻSAMOŚĆ GŁOSU WYMAGANA,body-into-stillness-8,Center; 240–320 s; mowa musi pozostawić przestrzeń na praktykę,"Notice the chest, back, and abdomen. Feel the movement already happening with breathing without changing its pace. Let the centre of the body move in its own small rhythm while the rest of you becomes quieter.",DO UZUPEŁNIENIA,DO UZUPEŁNIENIA,NIEZWERYFIKOWANE,,03_guide/narration/releaf-guide/body-into-stillness-8/04-center.wav,narration/releaf-guide/body-into-stillness-8/04-center.mp3,BRAK ZATWIERDZONEJ NARRACJI; NIE GENEROWAĆ INNYM GŁOSEM,
VOICE_meditate_body-into-stillness-8_steps_05,TOŻSAMOŚĆ GŁOSU WYMAGANA,body-into-stillness-8,Lower Body; 320–400 s; mowa musi pozostawić przestrzeń na praktykę,"Bring attention to the hips, legs, and feet. Notice contact, warmth, heaviness, or restlessness. Let the lower body be held where it can be held. You do not need every muscle to become still.",DO UZUPEŁNIENIA,DO UZUPEŁNIENIA,NIEZWERYFIKOWANE,,03_guide/narration/releaf-guide/body-into-stillness-8/05-lower-body.wav,narration/releaf-guide/body-into-stillness-8/05-lower-body.mp3,BRAK ZATWIERDZONEJ NARRACJI; NIE GENEROWAĆ INNYM GŁOSEM,
VOICE_meditate_body-into-stillness-8_steps_06,TOŻSAMOŚĆ GŁOSU WYMAGANA,body-into-stillness-8,Whole Body; 400–480 s; mowa musi pozostawić przestrzeń na praktykę,Let the whole body be present at once. Nothing more needs to be scanned. Allow attention to become less deliberate now. The guidance can recede while the body stays supported in its own way.,DO UZUPEŁNIENIA,DO UZUPEŁNIENIA,NIEZWERYFIKOWANE,,03_guide/narration/releaf-guide/body-into-stillness-8/06-whole-body.wav,narration/releaf-guide/body-into-stillness-8/06-whole-body.mp3,BRAK ZATWIERDZONEJ NARRACJI; NIE GENEROWAĆ INNYM GŁOSEM,
VOICE_meditate_quiet-night-10_steps_01,TOŻSAMOŚĆ GŁOSU WYMAGANA,quiet-night-10,Orient; 0–100 s; mowa musi pozostawić przestrzeń na praktykę,"Begin with the ordinary details of this moment. Notice the room, the surface beneath you, and a few sounds. There is nothing to prepare and nowhere else to get to. Let the night be exactly as it is for now.",DO UZUPEŁNIENIA,DO UZUPEŁNIENIA,NIEZWERYFIKOWANE,,03_guide/narration/releaf-guide/quiet-night-10/01-orient.wav,narration/releaf-guide/quiet-night-10/01-orient.mp3,BRAK ZATWIERDZONEJ NARRACJI; NIE GENEROWAĆ INNYM GŁOSEM,
VOICE_meditate_quiet-night-10_steps_02,TOŻSAMOŚĆ GŁOSU WYMAGANA,quiet-night-10,Unhook; 100–200 s; mowa musi pozostawić przestrzeń na praktykę,"When a thought asks for attention, notice that thinking is happening. You do not need to follow the next branch of the story. Let the thought be incomplete. Another thought may come, or there may be a little quiet.",DO UZUPEŁNIENIA,DO UZUPEŁNIENIA,NIEZWERYFIKOWANE,,03_guide/narration/releaf-guide/quiet-night-10/02-unhook.wav,narration/releaf-guide/quiet-night-10/02-unhook.mp3,BRAK ZATWIERDZONEJ NARRACJI; NIE GENEROWAĆ INNYM GŁOSEM,
VOICE_meditate_quiet-night-10_steps_03,TOŻSAMOŚĆ GŁOSU WYMAGANA,quiet-night-10,Return; 200–300 s; mowa musi pozostawić przestrzeń na praktykę,Return to one simple sensation. Contact with the bed or chair. Warmth. A sound. The natural movement of breathing. Let something simple carry attention for a while without asking you to solve anything.,DO UZUPEŁNIENIA,DO UZUPEŁNIENIA,NIEZWERYFIKOWANE,,03_guide/narration/releaf-guide/quiet-night-10/03-return.wav,narration/releaf-guide/quiet-night-10/03-return.mp3,BRAK ZATWIERDZONEJ NARRACJI; NIE GENEROWAĆ INNYM GŁOSEM,
VOICE_meditate_quiet-night-10_steps_04,TOŻSAMOŚĆ GŁOSU WYMAGANA,quiet-night-10,Widen; 300–400 s; mowa musi pozostawić przestrzeń na praktykę,Let awareness widen. Thoughts and sensations can come and go without becoming a task. You do not need to monitor them closely. Notice that experience can keep changing while you do less with it.,DO UZUPEŁNIENIA,DO UZUPEŁNIENIA,NIEZWERYFIKOWANE,,03_guide/narration/releaf-guide/quiet-night-10/04-widen.wav,narration/releaf-guide/quiet-night-10/04-widen.mp3,BRAK ZATWIERDZONEJ NARRACJI; NIE GENEROWAĆ INNYM GŁOSEM,
VOICE_meditate_quiet-night-10_steps_05,TOŻSAMOŚĆ GŁOSU WYMAGANA,quiet-night-10,Less; 400–500 s; mowa musi pozostawić przestrzeń na praktykę,"There is nothing to perform now. Let attention become less deliberate. If you drift, drift. If you notice a sound, notice it. If thoughts continue, they can continue. The practice does not require you to stay alert in a particular way.",DO UZUPEŁNIENIA,DO UZUPEŁNIENIA,NIEZWERYFIKOWANE,,03_guide/narration/releaf-guide/quiet-night-10/05-less.wav,narration/releaf-guide/quiet-night-10/05-less.mp3,BRAK ZATWIERDZONEJ NARRACJI; NIE GENEROWAĆ INNYM GŁOSEM,
VOICE_meditate_quiet-night-10_steps_06,TOŻSAMOŚĆ GŁOSU WYMAGANA,quiet-night-10,Close; 500–600 s; mowa musi pozostawić przestrzeń na praktykę,"The guidance can end here. You do not need to do anything with the remaining quiet. Stay with the sounds, the body, or simply let attention loosen. Continue in your own way.",DO UZUPEŁNIENIA,DO UZUPEŁNIENIA,NIEZWERYFIKOWANE,,03_guide/narration/releaf-guide/quiet-night-10/06-close.wav,narration/releaf-guide/quiet-night-10/06-close.mp3,BRAK ZATWIERDZONEJ NARRACJI; NIE GENEROWAĆ INNYM GŁOSEM,
VOICE_reset_emergency-grounding_steps_01,TOŻSAMOŚĆ GŁOSU WYMAGANA,emergency-grounding,Arrive; 0–24 s; mowa musi pozostawić przestrzeń na praktykę,Place both feet on the floor and notice the support beneath you.,DO UZUPEŁNIENIA,DO UZUPEŁNIENIA,NIEZWERYFIKOWANE,,03_guide/narration/releaf-guide/reset/emergency-grounding/main/01-arrive.wav,narration/releaf-guide/reset/emergency-grounding/main/01-arrive.mp3,BRAK ZATWIERDZONEJ NARRACJI; NIE GENEROWAĆ INNYM GŁOSEM,
VOICE_reset_emergency-grounding_steps_02,TOŻSAMOŚĆ GŁOSU WYMAGANA,emergency-grounding,Look; 24–48 s; mowa musi pozostawić przestrzeń na praktykę,Look around and name five things you can see.,DO UZUPEŁNIENIA,DO UZUPEŁNIENIA,NIEZWERYFIKOWANE,,03_guide/narration/releaf-guide/reset/emergency-grounding/main/02-look.wav,narration/releaf-guide/reset/emergency-grounding/main/02-look.mp3,BRAK ZATWIERDZONEJ NARRACJI; NIE GENEROWAĆ INNYM GŁOSEM,
VOICE_reset_emergency-grounding_steps_03,TOŻSAMOŚĆ GŁOSU WYMAGANA,emergency-grounding,Feel; 48–72 s; mowa musi pozostawić przestrzeń na praktykę,Notice four things you can physically feel around you.,DO UZUPEŁNIENIA,DO UZUPEŁNIENIA,NIEZWERYFIKOWANE,,03_guide/narration/releaf-guide/reset/emergency-grounding/main/03-feel.wav,narration/releaf-guide/reset/emergency-grounding/main/03-feel.mp3,BRAK ZATWIERDZONEJ NARRACJI; NIE GENEROWAĆ INNYM GŁOSEM,
VOICE_reset_emergency-grounding_steps_04,TOŻSAMOŚĆ GŁOSU WYMAGANA,emergency-grounding,Listen; 72–96 s; mowa musi pozostawić przestrzeń na praktykę,Listen for three sounds without trying to change them.,DO UZUPEŁNIENIA,DO UZUPEŁNIENIA,NIEZWERYFIKOWANE,,03_guide/narration/releaf-guide/reset/emergency-grounding/main/04-listen.wav,narration/releaf-guide/reset/emergency-grounding/main/04-listen.mp3,BRAK ZATWIERDZONEJ NARRACJI; NIE GENEROWAĆ INNYM GŁOSEM,
VOICE_reset_emergency-grounding_steps_05,TOŻSAMOŚĆ GŁOSU WYMAGANA,emergency-grounding,Return; 96–120 s; mowa musi pozostawić przestrzeń na praktykę,Notice the room around you again. Stay here for a moment if you need to.,DO UZUPEŁNIENIA,DO UZUPEŁNIENIA,NIEZWERYFIKOWANE,,03_guide/narration/releaf-guide/reset/emergency-grounding/main/05-return.wav,narration/releaf-guide/reset/emergency-grounding/main/05-return.mp3,BRAK ZATWIERDZONEJ NARRACJI; NIE GENEROWAĆ INNYM GŁOSEM,
VOICE_reset_60s-grounding_steps_01,TOŻSAMOŚĆ GŁOSU WYMAGANA,60s-grounding,Arrive; 0–15 s; mowa musi pozostawić przestrzeń na praktykę,Sit comfortably and place your feet on the ground.,DO UZUPEŁNIENIA,DO UZUPEŁNIENIA,NIEZWERYFIKOWANE,,03_guide/narration/releaf-guide/reset/60s-grounding/main/01-arrive.wav,narration/releaf-guide/reset/60s-grounding/main/01-arrive.mp3,BRAK ZATWIERDZONEJ NARRACJI; NIE GENEROWAĆ INNYM GŁOSEM,
VOICE_reset_60s-grounding_steps_02,TOŻSAMOŚĆ GŁOSU WYMAGANA,60s-grounding,Feel; 15–30 s; mowa musi pozostawić przestrzeń na praktykę,Notice three physical sensations where your body meets the floor or chair.,DO UZUPEŁNIENIA,DO UZUPEŁNIENIA,NIEZWERYFIKOWANE,,03_guide/narration/releaf-guide/reset/60s-grounding/main/02-feel.wav,narration/releaf-guide/reset/60s-grounding/main/02-feel.mp3,BRAK ZATWIERDZONEJ NARRACJI; NIE GENEROWAĆ INNYM GŁOSEM,
VOICE_reset_60s-grounding_steps_03,TOŻSAMOŚĆ GŁOSU WYMAGANA,60s-grounding,Notice; 30–45 s; mowa musi pozostawić przestrzeń na praktykę,Notice the sensations in your body and the contact with the chair.,DO UZUPEŁNIENIA,DO UZUPEŁNIENIA,NIEZWERYFIKOWANE,,03_guide/narration/releaf-guide/reset/60s-grounding/main/03-notice.wav,narration/releaf-guide/reset/60s-grounding/main/03-notice.mp3,BRAK ZATWIERDZONEJ NARRACJI; NIE GENEROWAĆ INNYM GŁOSEM,
VOICE_reset_60s-grounding_steps_04,TOŻSAMOŚĆ GŁOSU WYMAGANA,60s-grounding,Release; 45–60 s; mowa musi pozostawić przestrzeń na praktykę,Let thoughts come and go without judgement.,DO UZUPEŁNIENIA,DO UZUPEŁNIENIA,NIEZWERYFIKOWANE,,03_guide/narration/releaf-guide/reset/60s-grounding/main/04-release.wav,narration/releaf-guide/reset/60s-grounding/main/04-release.mp3,BRAK ZATWIERDZONEJ NARRACJI; NIE GENEROWAĆ INNYM GŁOSEM,
VOICE_reset_back-to-room_steps_01,TOŻSAMOŚĆ GŁOSU WYMAGANA,back-to-room,Arrive; 0–15 s; mowa musi pozostawić przestrzeń na praktykę,Look around the space you are in.,DO UZUPEŁNIENIA,DO UZUPEŁNIENIA,NIEZWERYFIKOWANE,,03_guide/narration/releaf-guide/reset/back-to-room/main/01-arrive.wav,narration/releaf-guide/reset/back-to-room/main/01-arrive.mp3,BRAK ZATWIERDZONEJ NARRACJI; NIE GENEROWAĆ INNYM GŁOSEM,
VOICE_reset_back-to-room_steps_02,TOŻSAMOŚĆ GŁOSU WYMAGANA,back-to-room,See; 15–60 s; mowa musi pozostawić przestrzeń na praktykę,Notice five things you can see.,DO UZUPEŁNIENIA,DO UZUPEŁNIENIA,NIEZWERYFIKOWANE,,03_guide/narration/releaf-guide/reset/back-to-room/main/02-see.wav,narration/releaf-guide/reset/back-to-room/main/02-see.mp3,BRAK ZATWIERDZONEJ NARRACJI; NIE GENEROWAĆ INNYM GŁOSEM,
VOICE_reset_back-to-room_steps_03,TOŻSAMOŚĆ GŁOSU WYMAGANA,back-to-room,Feel; 60–100 s; mowa musi pozostawić przestrzeń na praktykę,Notice four things you can physically feel.,DO UZUPEŁNIENIA,DO UZUPEŁNIENIA,NIEZWERYFIKOWANE,,03_guide/narration/releaf-guide/reset/back-to-room/main/03-feel.wav,narration/releaf-guide/reset/back-to-room/main/03-feel.mp3,BRAK ZATWIERDZONEJ NARRACJI; NIE GENEROWAĆ INNYM GŁOSEM,
VOICE_reset_back-to-room_steps_04,TOŻSAMOŚĆ GŁOSU WYMAGANA,back-to-room,Hear; 100–130 s; mowa musi pozostawić przestrzeń na praktykę,Listen for three different sounds.,DO UZUPEŁNIENIA,DO UZUPEŁNIENIA,NIEZWERYFIKOWANE,,03_guide/narration/releaf-guide/reset/back-to-room/main/04-hear.wav,narration/releaf-guide/reset/back-to-room/main/04-hear.mp3,BRAK ZATWIERDZONEJ NARRACJI; NIE GENEROWAĆ INNYM GŁOSEM,
VOICE_reset_back-to-room_steps_05,TOŻSAMOŚĆ GŁOSU WYMAGANA,back-to-room,Smell; 130–155 s; mowa musi pozostawić przestrzeń na praktykę,"Notice two things you can smell, or imagine two familiar scents.",DO UZUPEŁNIENIA,DO UZUPEŁNIENIA,NIEZWERYFIKOWANE,,03_guide/narration/releaf-guide/reset/back-to-room/main/05-smell.wav,narration/releaf-guide/reset/back-to-room/main/05-smell.mp3,BRAK ZATWIERDZONEJ NARRACJI; NIE GENEROWAĆ INNYM GŁOSEM,
VOICE_reset_back-to-room_steps_06,TOŻSAMOŚĆ GŁOSU WYMAGANA,back-to-room,Taste; 155–170 s; mowa musi pozostawić przestrzeń na praktykę,"Notice one taste, or imagine a familiar taste.",DO UZUPEŁNIENIA,DO UZUPEŁNIENIA,NIEZWERYFIKOWANE,,03_guide/narration/releaf-guide/reset/back-to-room/main/06-taste.wav,narration/releaf-guide/reset/back-to-room/main/06-taste.mp3,BRAK ZATWIERDZONEJ NARRACJI; NIE GENEROWAĆ INNYM GŁOSEM,
VOICE_reset_back-to-room_steps_07,TOŻSAMOŚĆ GŁOSU WYMAGANA,back-to-room,Return; 170–180 s; mowa musi pozostawić przestrzeń na praktykę,Notice the room around you again.,DO UZUPEŁNIENIA,DO UZUPEŁNIENIA,NIEZWERYFIKOWANE,,03_guide/narration/releaf-guide/reset/back-to-room/main/07-return.wav,narration/releaf-guide/reset/back-to-room/main/07-return.mp3,BRAK ZATWIERDZONEJ NARRACJI; NIE GENEROWAĆ INNYM GŁOSEM,
VOICE_reset_back-to-room_simplifiedSteps_01,TOŻSAMOŚĆ GŁOSU WYMAGANA,back-to-room,See; 0–20 s; mowa musi pozostawić przestrzeń na praktykę,Notice three things you can see.,DO UZUPEŁNIENIA,DO UZUPEŁNIENIA,NIEZWERYFIKOWANE,,03_guide/narration/releaf-guide/reset/back-to-room/simplified/01-see.wav,narration/releaf-guide/reset/back-to-room/simplified/01-see.mp3,BRAK ZATWIERDZONEJ NARRACJI; NIE GENEROWAĆ INNYM GŁOSEM,
VOICE_reset_back-to-room_simplifiedSteps_02,TOŻSAMOŚĆ GŁOSU WYMAGANA,back-to-room,Feel; 20–40 s; mowa musi pozostawić przestrzeń na praktykę,Notice two things you can physically feel.,DO UZUPEŁNIENIA,DO UZUPEŁNIENIA,NIEZWERYFIKOWANE,,03_guide/narration/releaf-guide/reset/back-to-room/simplified/02-feel.wav,narration/releaf-guide/reset/back-to-room/simplified/02-feel.mp3,BRAK ZATWIERDZONEJ NARRACJI; NIE GENEROWAĆ INNYM GŁOSEM,
VOICE_reset_back-to-room_simplifiedSteps_03,TOŻSAMOŚĆ GŁOSU WYMAGANA,back-to-room,Hear; 40–60 s; mowa musi pozostawić przestrzeń na praktykę,Notice one sound you can hear.,DO UZUPEŁNIENIA,DO UZUPEŁNIENIA,NIEZWERYFIKOWANE,,03_guide/narration/releaf-guide/reset/back-to-room/simplified/03-hear.wav,narration/releaf-guide/reset/back-to-room/simplified/03-hear.mp3,BRAK ZATWIERDZONEJ NARRACJI; NIE GENEROWAĆ INNYM GŁOSEM,
VOICE_reset_jaw-shoulders_steps_01,TOŻSAMOŚĆ GŁOSU WYMAGANA,jaw-shoulders,Notice; 0–10 s; mowa musi pozostawić przestrzeń na praktykę,Notice your jaw and shoulders without changing anything yet.,DO UZUPEŁNIENIA,DO UZUPEŁNIENIA,NIEZWERYFIKOWANE,,03_guide/narration/releaf-guide/reset/jaw-shoulders/main/01-notice.wav,narration/releaf-guide/reset/jaw-shoulders/main/01-notice.mp3,BRAK ZATWIERDZONEJ NARRACJI; NIE GENEROWAĆ INNYM GŁOSEM,
VOICE_reset_jaw-shoulders_steps_02,TOŻSAMOŚĆ GŁOSU WYMAGANA,jaw-shoulders,Jaw; 10–25 s; mowa musi pozostawić przestrzeń na praktykę,Let your teeth separate slightly. Let the tongue rest.,DO UZUPEŁNIENIA,DO UZUPEŁNIENIA,NIEZWERYFIKOWANE,,03_guide/narration/releaf-guide/reset/jaw-shoulders/main/02-jaw.wav,narration/releaf-guide/reset/jaw-shoulders/main/02-jaw.mp3,BRAK ZATWIERDZONEJ NARRACJI; NIE GENEROWAĆ INNYM GŁOSEM,
VOICE_reset_jaw-shoulders_steps_03,TOŻSAMOŚĆ GŁOSU WYMAGANA,jaw-shoulders,Shoulders; 25–40 s; mowa musi pozostawić przestrzeń na praktykę,Gently lift your shoulders. Hold for a moment without straining.,DO UZUPEŁNIENIA,DO UZUPEŁNIENIA,NIEZWERYFIKOWANE,,03_guide/narration/releaf-guide/reset/jaw-shoulders/main/03-shoulders.wav,narration/releaf-guide/reset/jaw-shoulders/main/03-shoulders.mp3,BRAK ZATWIERDZONEJ NARRACJI; NIE GENEROWAĆ INNYM GŁOSEM,
VOICE_reset_jaw-shoulders_steps_04,TOŻSAMOŚĆ GŁOSU WYMAGANA,jaw-shoulders,Release; 40–55 s; mowa musi pozostawić przestrzeń na praktykę,Let your shoulders drop. Notice the difference.,DO UZUPEŁNIENIA,DO UZUPEŁNIENIA,NIEZWERYFIKOWANE,,03_guide/narration/releaf-guide/reset/jaw-shoulders/main/04-release.wav,narration/releaf-guide/reset/jaw-shoulders/main/04-release.mp3,BRAK ZATWIERDZONEJ NARRACJI; NIE GENEROWAĆ INNYM GŁOSEM,
VOICE_reset_jaw-shoulders_steps_05,TOŻSAMOŚĆ GŁOSU WYMAGANA,jaw-shoulders,Again; 55–70 s; mowa musi pozostawić przestrzeń na praktykę,"Lift gently once more, only as much as feels comfortable.",DO UZUPEŁNIENIA,DO UZUPEŁNIENIA,NIEZWERYFIKOWANE,,03_guide/narration/releaf-guide/reset/jaw-shoulders/main/05-again.wav,narration/releaf-guide/reset/jaw-shoulders/main/05-again.mp3,BRAK ZATWIERDZONEJ NARRACJI; NIE GENEROWAĆ INNYM GŁOSEM,
VOICE_reset_jaw-shoulders_steps_06,TOŻSAMOŚĆ GŁOSU WYMAGANA,jaw-shoulders,Let Go; 70–80 s; mowa musi pozostawić przestrzeń na praktykę,Release the shoulders again.,DO UZUPEŁNIENIA,DO UZUPEŁNIENIA,NIEZWERYFIKOWANE,,03_guide/narration/releaf-guide/reset/jaw-shoulders/main/06-let-go.wav,narration/releaf-guide/reset/jaw-shoulders/main/06-let-go.mp3,BRAK ZATWIERDZONEJ NARRACJI; NIE GENEROWAĆ INNYM GŁOSEM,
VOICE_reset_jaw-shoulders_steps_07,TOŻSAMOŚĆ GŁOSU WYMAGANA,jaw-shoulders,Notice; 80–90 s; mowa musi pozostawić przestrzeń na praktykę,Notice what feels different now.,DO UZUPEŁNIENIA,DO UZUPEŁNIENIA,NIEZWERYFIKOWANE,,03_guide/narration/releaf-guide/reset/jaw-shoulders/main/07-notice.wav,narration/releaf-guide/reset/jaw-shoulders/main/07-notice.mp3,BRAK ZATWIERDZONEJ NARRACJI; NIE GENEROWAĆ INNYM GŁOSEM,
VOICE_reset_name-the-thought_steps_01,TOŻSAMOŚĆ GŁOSU WYMAGANA,name-the-thought,Notice; 0–20 s; mowa musi pozostawić przestrzeń na praktykę,Notice what your mind keeps returning to.,DO UZUPEŁNIENIA,DO UZUPEŁNIENIA,NIEZWERYFIKOWANE,,03_guide/narration/releaf-guide/reset/name-the-thought/main/01-notice.wav,narration/releaf-guide/reset/name-the-thought/main/01-notice.mp3,BRAK ZATWIERDZONEJ NARRACJI; NIE GENEROWAĆ INNYM GŁOSEM,
VOICE_reset_name-the-thought_steps_02,TOŻSAMOŚĆ GŁOSU WYMAGANA,name-the-thought,Name; 20–40 s; mowa musi pozostawić przestrzeń na praktykę,Put the thought into one short sentence in your mind. You do not need to type or save it.,DO UZUPEŁNIENIA,DO UZUPEŁNIENIA,NIEZWERYFIKOWANE,,03_guide/narration/releaf-guide/reset/name-the-thought/main/02-name.wav,narration/releaf-guide/reset/name-the-thought/main/02-name.mp3,BRAK ZATWIERDZONEJ NARRACJI; NIE GENEROWAĆ INNYM GŁOSEM,
VOICE_reset_name-the-thought_steps_03,TOŻSAMOŚĆ GŁOSU WYMAGANA,name-the-thought,Unhook; 40–70 s; mowa musi pozostawić przestrzeń na praktykę,Try adding: “I am noticing the thought that…” before the sentence.,DO UZUPEŁNIENIA,DO UZUPEŁNIENIA,NIEZWERYFIKOWANE,,03_guide/narration/releaf-guide/reset/name-the-thought/main/03-unhook.wav,narration/releaf-guide/reset/name-the-thought/main/03-unhook.mp3,BRAK ZATWIERDZONEJ NARRACJI; NIE GENEROWAĆ INNYM GŁOSEM,
VOICE_reset_name-the-thought_steps_04,TOŻSAMOŚĆ GŁOSU WYMAGANA,name-the-thought,Space; 70–95 s; mowa musi pozostawić przestrzeń na praktykę,Let the thought be there for a moment. You do not have to solve it right now.,DO UZUPEŁNIENIA,DO UZUPEŁNIENIA,NIEZWERYFIKOWANE,,03_guide/narration/releaf-guide/reset/name-the-thought/main/04-space.wav,narration/releaf-guide/reset/name-the-thought/main/04-space.mp3,BRAK ZATWIERDZONEJ NARRACJI; NIE GENEROWAĆ INNYM GŁOSEM,
VOICE_reset_name-the-thought_steps_05,TOŻSAMOŚĆ GŁOSU WYMAGANA,name-the-thought,Refocus; 95–120 s; mowa musi pozostawić przestrzeń na praktykę,"Notice one thing you can see, one thing you can hear, and one thing you can feel.",DO UZUPEŁNIENIA,DO UZUPEŁNIENIA,NIEZWERYFIKOWANE,,03_guide/narration/releaf-guide/reset/name-the-thought/main/05-refocus.wav,narration/releaf-guide/reset/name-the-thought/main/05-refocus.mp3,BRAK ZATWIERDZONEJ NARRACJI; NIE GENEROWAĆ INNYM GŁOSEM,
VOICE_reset_object-anchor_steps_01,TOŻSAMOŚĆ GŁOSU WYMAGANA,object-anchor,Choose; 0–15 s; mowa musi pozostawić przestrzeń na praktykę,Choose one ordinary object near you.,DO UZUPEŁNIENIA,DO UZUPEŁNIENIA,NIEZWERYFIKOWANE,,03_guide/narration/releaf-guide/reset/object-anchor/main/01-choose.wav,narration/releaf-guide/reset/object-anchor/main/01-choose.mp3,BRAK ZATWIERDZONEJ NARRACJI; NIE GENEROWAĆ INNYM GŁOSEM,
VOICE_reset_object-anchor_steps_02,TOŻSAMOŚĆ GŁOSU WYMAGANA,object-anchor,Shape; 15–33 s; mowa musi pozostawić przestrzeń na praktykę,"Notice its shape, edges, and outline.",DO UZUPEŁNIENIA,DO UZUPEŁNIENIA,NIEZWERYFIKOWANE,,03_guide/narration/releaf-guide/reset/object-anchor/main/02-shape.wav,narration/releaf-guide/reset/object-anchor/main/02-shape.mp3,BRAK ZATWIERDZONEJ NARRACJI; NIE GENEROWAĆ INNYM GŁOSEM,
VOICE_reset_object-anchor_steps_03,TOŻSAMOŚĆ GŁOSU WYMAGANA,object-anchor,Texture; 33–51 s; mowa musi pozostawić przestrzeń na praktykę,Notice its texture or surface.,DO UZUPEŁNIENIA,DO UZUPEŁNIENIA,NIEZWERYFIKOWANE,,03_guide/narration/releaf-guide/reset/object-anchor/main/03-texture.wav,narration/releaf-guide/reset/object-anchor/main/03-texture.mp3,BRAK ZATWIERDZONEJ NARRACJI; NIE GENEROWAĆ INNYM GŁOSEM,
VOICE_reset_object-anchor_steps_04,TOŻSAMOŚĆ GŁOSU WYMAGANA,object-anchor,Contact; 51–69 s; mowa musi pozostawić przestrzeń na praktykę,"If you are holding it, notice temperature, weight, or pressure.",DO UZUPEŁNIENIA,DO UZUPEŁNIENIA,NIEZWERYFIKOWANE,,03_guide/narration/releaf-guide/reset/object-anchor/main/04-contact.wav,narration/releaf-guide/reset/object-anchor/main/04-contact.mp3,BRAK ZATWIERDZONEJ NARRACJI; NIE GENEROWAĆ INNYM GŁOSEM,
VOICE_reset_object-anchor_steps_05,TOŻSAMOŚĆ GŁOSU WYMAGANA,object-anchor,Detail; 69–81 s; mowa musi pozostawić przestrzeń na praktykę,Find one small detail you had not noticed before.,DO UZUPEŁNIENIA,DO UZUPEŁNIENIA,NIEZWERYFIKOWANE,,03_guide/narration/releaf-guide/reset/object-anchor/main/05-detail.wav,narration/releaf-guide/reset/object-anchor/main/05-detail.mp3,BRAK ZATWIERDZONEJ NARRACJI; NIE GENEROWAĆ INNYM GŁOSEM,
VOICE_reset_object-anchor_steps_06,TOŻSAMOŚĆ GŁOSU WYMAGANA,object-anchor,Return; 81–90 s; mowa musi pozostawić przestrzeń na praktykę,Return your attention to the room around you.,DO UZUPEŁNIENIA,DO UZUPEŁNIENIA,NIEZWERYFIKOWANE,,03_guide/narration/releaf-guide/reset/object-anchor/main/06-return.wav,narration/releaf-guide/reset/object-anchor/main/06-return.mp3,BRAK ZATWIERDZONEJ NARRACJI; NIE GENEROWAĆ INNYM GŁOSEM,
VOICE_reset_sound-anchor_steps_01,TOŻSAMOŚĆ GŁOSU WYMAGANA,sound-anchor,Listen; 0–12 s; mowa musi pozostawić przestrzeń na praktykę,Let your attention move toward the sounds already around you.,DO UZUPEŁNIENIA,DO UZUPEŁNIENIA,NIEZWERYFIKOWANE,,03_guide/narration/releaf-guide/reset/sound-anchor/main/01-listen.wav,narration/releaf-guide/reset/sound-anchor/main/01-listen.mp3,BRAK ZATWIERDZONEJ NARRACJI; NIE GENEROWAĆ INNYM GŁOSEM,
VOICE_reset_sound-anchor_steps_02,TOŻSAMOŚĆ GŁOSU WYMAGANA,sound-anchor,Near; 12–30 s; mowa musi pozostawić przestrzeń na praktykę,Notice one sound that feels close.,DO UZUPEŁNIENIA,DO UZUPEŁNIENIA,NIEZWERYFIKOWANE,,03_guide/narration/releaf-guide/reset/sound-anchor/main/02-near.wav,narration/releaf-guide/reset/sound-anchor/main/02-near.mp3,BRAK ZATWIERDZONEJ NARRACJI; NIE GENEROWAĆ INNYM GŁOSEM,
VOICE_reset_sound-anchor_steps_03,TOŻSAMOŚĆ GŁOSU WYMAGANA,sound-anchor,Far; 30–48 s; mowa musi pozostawić przestrzeń na praktykę,Notice one sound that feels farther away.,DO UZUPEŁNIENIA,DO UZUPEŁNIENIA,NIEZWERYFIKOWANE,,03_guide/narration/releaf-guide/reset/sound-anchor/main/03-far.wav,narration/releaf-guide/reset/sound-anchor/main/03-far.mp3,BRAK ZATWIERDZONEJ NARRACJI; NIE GENEROWAĆ INNYM GŁOSEM,
VOICE_reset_sound-anchor_steps_04,TOŻSAMOŚĆ GŁOSU WYMAGANA,sound-anchor,Layers; 48–68 s; mowa musi pozostawić przestrzeń na praktykę,See if you can notice more than one layer of sound at once.,DO UZUPEŁNIENIA,DO UZUPEŁNIENIA,NIEZWERYFIKOWANE,,03_guide/narration/releaf-guide/reset/sound-anchor/main/04-layers.wav,narration/releaf-guide/reset/sound-anchor/main/04-layers.mp3,BRAK ZATWIERDZONEJ NARRACJI; NIE GENEROWAĆ INNYM GŁOSEM,
VOICE_reset_sound-anchor_steps_05,TOŻSAMOŚĆ GŁOSU WYMAGANA,sound-anchor,Return; 68–90 s; mowa musi pozostawić przestrzeń na praktykę,Return to the room without needing the sounds to change.,DO UZUPEŁNIENIA,DO UZUPEŁNIENIA,NIEZWERYFIKOWANE,,03_guide/narration/releaf-guide/reset/sound-anchor/main/05-return.wav,narration/releaf-guide/reset/sound-anchor/main/05-return.mp3,BRAK ZATWIERDZONEJ NARRACJI; NIE GENEROWAĆ INNYM GŁOSEM,
VOICE_reset_press-release_steps_01,TOŻSAMOŚĆ GŁOSU WYMAGANA,press-release,Arrive; 0–10 s; mowa musi pozostawić przestrzeń na praktykę,Notice where your body is supported.,DO UZUPEŁNIENIA,DO UZUPEŁNIENIA,NIEZWERYFIKOWANE,,03_guide/narration/releaf-guide/reset/press-release/main/01-arrive.wav,narration/releaf-guide/reset/press-release/main/01-arrive.mp3,BRAK ZATWIERDZONEJ NARRACJI; NIE GENEROWAĆ INNYM GŁOSEM,
VOICE_reset_press-release_steps_02,TOŻSAMOŚĆ GŁOSU WYMAGANA,press-release,Press; 10–25 s; mowa musi pozostawić przestrzeń na praktykę,Press your feet or hands gently into a stable surface. Keep it comfortable.,DO UZUPEŁNIENIA,DO UZUPEŁNIENIA,NIEZWERYFIKOWANE,,03_guide/narration/releaf-guide/reset/press-release/main/02-press.wav,narration/releaf-guide/reset/press-release/main/02-press.mp3,BRAK ZATWIERDZONEJ NARRACJI; NIE GENEROWAĆ INNYM GŁOSEM,
VOICE_reset_press-release_steps_03,TOŻSAMOŚĆ GŁOSU WYMAGANA,press-release,Release; 25–40 s; mowa musi pozostawić przestrzeń na praktykę,Release the pressure and notice the change.,DO UZUPEŁNIENIA,DO UZUPEŁNIENIA,NIEZWERYFIKOWANE,,03_guide/narration/releaf-guide/reset/press-release/main/03-release.wav,narration/releaf-guide/reset/press-release/main/03-release.mp3,BRAK ZATWIERDZONEJ NARRACJI; NIE GENEROWAĆ INNYM GŁOSEM,
VOICE_reset_press-release_steps_04,TOŻSAMOŚĆ GŁOSU WYMAGANA,press-release,Again; 40–55 s; mowa musi pozostawić przestrzeń na praktykę,Press gently once more without straining.,DO UZUPEŁNIENIA,DO UZUPEŁNIENIA,NIEZWERYFIKOWANE,,03_guide/narration/releaf-guide/reset/press-release/main/04-again.wav,narration/releaf-guide/reset/press-release/main/04-again.mp3,BRAK ZATWIERDZONEJ NARRACJI; NIE GENEROWAĆ INNYM GŁOSEM,
VOICE_reset_press-release_steps_05,TOŻSAMOŚĆ GŁOSU WYMAGANA,press-release,Let Go; 55–70 s; mowa musi pozostawić przestrzeń na praktykę,Release again and let the effort stop.,DO UZUPEŁNIENIA,DO UZUPEŁNIENIA,NIEZWERYFIKOWANE,,03_guide/narration/releaf-guide/reset/press-release/main/05-let-go.wav,narration/releaf-guide/reset/press-release/main/05-let-go.mp3,BRAK ZATWIERDZONEJ NARRACJI; NIE GENEROWAĆ INNYM GŁOSEM,
VOICE_reset_press-release_steps_06,TOŻSAMOŚĆ GŁOSU WYMAGANA,press-release,Notice; 70–90 s; mowa musi pozostawić przestrzeń na praktykę,Notice what feels different now.,DO UZUPEŁNIENIA,DO UZUPEŁNIENIA,NIEZWERYFIKOWANE,,03_guide/narration/releaf-guide/reset/press-release/main/06-notice.wav,narration/releaf-guide/reset/press-release/main/06-notice.mp3,BRAK ZATWIERDZONEJ NARRACJI; NIE GENEROWAĆ INNYM GŁOSEM,
VOICE_reset_make-room_steps_01,TOŻSAMOŚĆ GŁOSU WYMAGANA,make-room,Notice; 0–20 s; mowa musi pozostawić przestrzeń na praktykę,Notice the feeling or thought that is here right now.,DO UZUPEŁNIENIA,DO UZUPEŁNIENIA,NIEZWERYFIKOWANE,,03_guide/narration/releaf-guide/reset/make-room/main/01-notice.wav,narration/releaf-guide/reset/make-room/main/01-notice.mp3,BRAK ZATWIERDZONEJ NARRACJI; NIE GENEROWAĆ INNYM GŁOSEM,
VOICE_reset_make-room_steps_02,TOŻSAMOŚĆ GŁOSU WYMAGANA,make-room,Allow; 20–45 s; mowa musi pozostawić przestrzeń na praktykę,See if you can let it be present without fixing it for this moment.,DO UZUPEŁNIENIA,DO UZUPEŁNIENIA,NIEZWERYFIKOWANE,,03_guide/narration/releaf-guide/reset/make-room/main/02-allow.wav,narration/releaf-guide/reset/make-room/main/02-allow.mp3,BRAK ZATWIERDZONEJ NARRACJI; NIE GENEROWAĆ INNYM GŁOSEM,
VOICE_reset_make-room_steps_03,TOŻSAMOŚĆ GŁOSU WYMAGANA,make-room,Room; 45–75 s; mowa musi pozostawić przestrzeń na praktykę,Imagine making a little more room around the experience.,DO UZUPEŁNIENIA,DO UZUPEŁNIENIA,NIEZWERYFIKOWANE,,03_guide/narration/releaf-guide/reset/make-room/main/03-room.wav,narration/releaf-guide/reset/make-room/main/03-room.mp3,BRAK ZATWIERDZONEJ NARRACJI; NIE GENEROWAĆ INNYM GŁOSEM,
VOICE_reset_make-room_steps_04,TOŻSAMOŚĆ GŁOSU WYMAGANA,make-room,Carry; 75–100 s; mowa musi pozostawić przestrzeń na praktykę,Let it come with you without letting it choose your next action.,DO UZUPEŁNIENIA,DO UZUPEŁNIENIA,NIEZWERYFIKOWANE,,03_guide/narration/releaf-guide/reset/make-room/main/04-carry.wav,narration/releaf-guide/reset/make-room/main/04-carry.mp3,BRAK ZATWIERDZONEJ NARRACJI; NIE GENEROWAĆ INNYM GŁOSEM,
VOICE_reset_make-room_steps_05,TOŻSAMOŚĆ GŁOSU WYMAGANA,make-room,Return; 100–120 s; mowa musi pozostawić przestrzeń na praktykę,Return attention to what is around you now.,DO UZUPEŁNIENIA,DO UZUPEŁNIENIA,NIEZWERYFIKOWANE,,03_guide/narration/releaf-guide/reset/make-room/main/05-return.wav,narration/releaf-guide/reset/make-room/main/05-return.mp3,BRAK ZATWIERDZONEJ NARRACJI; NIE GENEROWAĆ INNYM GŁOSEM,
VOICE_reset_cool-water-reset_steps_01,TOŻSAMOŚĆ GŁOSU WYMAGANA,cool-water-reset,Prepare; 0–20 s; mowa musi pozostawić przestrzeń na praktykę,"Use comfortably cool water on your hands, wrists or face. No ice is needed.",DO UZUPEŁNIENIA,DO UZUPEŁNIENIA,NIEZWERYFIKOWANE,,03_guide/narration/releaf-guide/reset/cool-water-reset/main/01-prepare.wav,narration/releaf-guide/reset/cool-water-reset/main/01-prepare.mp3,BRAK ZATWIERDZONEJ NARRACJI; NIE GENEROWAĆ INNYM GŁOSEM,
VOICE_reset_cool-water-reset_steps_02,TOŻSAMOŚĆ GŁOSU WYMAGANA,cool-water-reset,Notice; 20–55 s; mowa musi pozostawić przestrzeń na praktykę,"Notice the temperature, the edges of the sensation and how it changes over a few moments.",DO UZUPEŁNIENIA,DO UZUPEŁNIENIA,NIEZWERYFIKOWANE,,03_guide/narration/releaf-guide/reset/cool-water-reset/main/02-notice.wav,narration/releaf-guide/reset/cool-water-reset/main/02-notice.mp3,BRAK ZATWIERDZONEJ NARRACJI; NIE GENEROWAĆ INNYM GŁOSEM,
VOICE_reset_cool-water-reset_steps_03,TOŻSAMOŚĆ GŁOSU WYMAGANA,cool-water-reset,Orient; 55–75 s; mowa musi pozostawić przestrzeń na praktykę,Look around and name three ordinary things in the room.,DO UZUPEŁNIENIA,DO UZUPEŁNIENIA,NIEZWERYFIKOWANE,,03_guide/narration/releaf-guide/reset/cool-water-reset/main/03-orient.wav,narration/releaf-guide/reset/cool-water-reset/main/03-orient.mp3,BRAK ZATWIERDZONEJ NARRACJI; NIE GENEROWAĆ INNYM GŁOSEM,
VOICE_reset_cool-water-reset_steps_04,TOŻSAMOŚĆ GŁOSU WYMAGANA,cool-water-reset,Return; 75–90 s; mowa musi pozostawić przestrzeń na praktykę,"Dry off, settle your posture and choose what you want to do next.",DO UZUPEŁNIENIA,DO UZUPEŁNIENIA,NIEZWERYFIKOWANE,,03_guide/narration/releaf-guide/reset/cool-water-reset/main/04-return.wav,narration/releaf-guide/reset/cool-water-reset/main/04-return.mp3,BRAK ZATWIERDZONEJ NARRACJI; NIE GENEROWAĆ INNYM GŁOSEM,
VOICE_reset_pushups-activation_steps_01,TOŻSAMOŚĆ GŁOSU WYMAGANA,pushups-activation,Choose; 0–15 s; mowa musi pozostawić przestrzeń na praktykę,"Choose floor push-ups, wall push-ups, or a seated press that feels safe today.",DO UZUPEŁNIENIA,DO UZUPEŁNIENIA,NIEZWERYFIKOWANE,,03_guide/narration/releaf-guide/reset/pushups-activation/main/01-choose.wav,narration/releaf-guide/reset/pushups-activation/main/01-choose.mp3,BRAK ZATWIERDZONEJ NARRACJI; NIE GENEROWAĆ INNYM GŁOSEM,
VOICE_reset_pushups-activation_steps_02,TOŻSAMOŚĆ GŁOSU WYMAGANA,pushups-activation,Move; 15–60 s; mowa musi pozostawić przestrzeń na praktykę,Do up to ten controlled repetitions. Stop before form or comfort breaks down.,DO UZUPEŁNIENIA,DO UZUPEŁNIENIA,NIEZWERYFIKOWANE,,03_guide/narration/releaf-guide/reset/pushups-activation/main/02-move.wav,narration/releaf-guide/reset/pushups-activation/main/02-move.mp3,BRAK ZATWIERDZONEJ NARRACJI; NIE GENEROWAĆ INNYM GŁOSEM,
VOICE_reset_pushups-activation_steps_03,TOŻSAMOŚĆ GŁOSU WYMAGANA,pushups-activation,Notice; 60–80 s; mowa musi pozostawić przestrzeń na praktykę,"Pause and notice warmth, muscle effort and where your attention is now.",DO UZUPEŁNIENIA,DO UZUPEŁNIENIA,NIEZWERYFIKOWANE,,03_guide/narration/releaf-guide/reset/pushups-activation/main/03-notice.wav,narration/releaf-guide/reset/pushups-activation/main/03-notice.mp3,BRAK ZATWIERDZONEJ NARRACJI; NIE GENEROWAĆ INNYM GŁOSEM,
VOICE_reset_pushups-activation_steps_04,TOŻSAMOŚĆ GŁOSU WYMAGANA,pushups-activation,Return; 80–90 s; mowa musi pozostawić przestrzeń na praktykę,Choose the next useful action while the shift in momentum is still fresh.,DO UZUPEŁNIENIA,DO UZUPEŁNIENIA,NIEZWERYFIKOWANE,,03_guide/narration/releaf-guide/reset/pushups-activation/main/04-return.wav,narration/releaf-guide/reset/pushups-activation/main/04-return.mp3,BRAK ZATWIERDZONEJ NARRACJI; NIE GENEROWAĆ INNYM GŁOSEM,
VOICE_reset_shoulder-drop-reset_steps_01,TOŻSAMOŚĆ GŁOSU WYMAGANA,shoulder-drop-reset,Notice; 0–15 s; mowa musi pozostawić przestrzeń na praktykę,Notice where your shoulders are sitting without changing them yet.,DO UZUPEŁNIENIA,DO UZUPEŁNIENIA,NIEZWERYFIKOWANE,,03_guide/narration/releaf-guide/reset/shoulder-drop-reset/main/01-notice.wav,narration/releaf-guide/reset/shoulder-drop-reset/main/01-notice.mp3,BRAK ZATWIERDZONEJ NARRACJI; NIE GENEROWAĆ INNYM GŁOSEM,
VOICE_reset_shoulder-drop-reset_steps_02,TOŻSAMOŚĆ GŁOSU WYMAGANA,shoulder-drop-reset,Lift; 15–30 s; mowa musi pozostawić przestrzeń na praktykę,Gently lift both shoulders a little. Keep the movement comfortable.,DO UZUPEŁNIENIA,DO UZUPEŁNIENIA,NIEZWERYFIKOWANE,,03_guide/narration/releaf-guide/reset/shoulder-drop-reset/main/02-lift.wav,narration/releaf-guide/reset/shoulder-drop-reset/main/02-lift.mp3,BRAK ZATWIERDZONEJ NARRACJI; NIE GENEROWAĆ INNYM GŁOSEM,
VOICE_reset_shoulder-drop-reset_steps_03,TOŻSAMOŚĆ GŁOSU WYMAGANA,shoulder-drop-reset,Release; 30–45 s; mowa musi pozostawić przestrzeń na praktykę,Let them drop and notice the contrast.,DO UZUPEŁNIENIA,DO UZUPEŁNIENIA,NIEZWERYFIKOWANE,,03_guide/narration/releaf-guide/reset/shoulder-drop-reset/main/03-release.wav,narration/releaf-guide/reset/shoulder-drop-reset/main/03-release.mp3,BRAK ZATWIERDZONEJ NARRACJI; NIE GENEROWAĆ INNYM GŁOSEM,
VOICE_reset_shoulder-drop-reset_steps_04,TOŻSAMOŚĆ GŁOSU WYMAGANA,shoulder-drop-reset,Settle; 45–60 s; mowa musi pozostawić przestrzeń na praktykę,Let the shoulders rest where they need to be rather than forcing them down.,DO UZUPEŁNIENIA,DO UZUPEŁNIENIA,NIEZWERYFIKOWANE,,03_guide/narration/releaf-guide/reset/shoulder-drop-reset/main/04-settle.wav,narration/releaf-guide/reset/shoulder-drop-reset/main/04-settle.mp3,BRAK ZATWIERDZONEJ NARRACJI; NIE GENEROWAĆ INNYM GŁOSEM,
VOICE_reset_eye-focus-reset_steps_01,TOŻSAMOŚĆ GŁOSU WYMAGANA,eye-focus-reset,Near; 0–20 s; mowa musi pozostawić przestrzeń na praktykę,Choose one comfortable object nearby and notice one detail.,DO UZUPEŁNIENIA,DO UZUPEŁNIENIA,NIEZWERYFIKOWANE,,03_guide/narration/releaf-guide/reset/eye-focus-reset/main/01-near.wav,narration/releaf-guide/reset/eye-focus-reset/main/01-near.mp3,BRAK ZATWIERDZONEJ NARRACJI; NIE GENEROWAĆ INNYM GŁOSEM,
VOICE_reset_eye-focus-reset_steps_02,TOŻSAMOŚĆ GŁOSU WYMAGANA,eye-focus-reset,Far; 20–45 s; mowa musi pozostawić przestrzeń na praktykę,Shift your gaze to something farther away and let the eyes settle there.,DO UZUPEŁNIENIA,DO UZUPEŁNIENIA,NIEZWERYFIKOWANE,,03_guide/narration/releaf-guide/reset/eye-focus-reset/main/02-far.wav,narration/releaf-guide/reset/eye-focus-reset/main/02-far.mp3,BRAK ZATWIERDZONEJ NARRACJI; NIE GENEROWAĆ INNYM GŁOSEM,
VOICE_reset_eye-focus-reset_steps_03,TOŻSAMOŚĆ GŁOSU WYMAGANA,eye-focus-reset,Wide; 45–70 s; mowa musi pozostawić przestrzeń na praktykę,"Without staring hard, notice more of the space around that object.",DO UZUPEŁNIENIA,DO UZUPEŁNIENIA,NIEZWERYFIKOWANE,,03_guide/narration/releaf-guide/reset/eye-focus-reset/main/03-wide.wav,narration/releaf-guide/reset/eye-focus-reset/main/03-wide.mp3,BRAK ZATWIERDZONEJ NARRACJI; NIE GENEROWAĆ INNYM GŁOSEM,
VOICE_reset_eye-focus-reset_steps_04,TOŻSAMOŚĆ GŁOSU WYMAGANA,eye-focus-reset,Return; 70–90 s; mowa musi pozostawić przestrzeń na praktykę,Blink naturally and return to the room before going back to the screen.,DO UZUPEŁNIENIA,DO UZUPEŁNIENIA,NIEZWERYFIKOWANE,,03_guide/narration/releaf-guide/reset/eye-focus-reset/main/04-return.wav,narration/releaf-guide/reset/eye-focus-reset/main/04-return.mp3,BRAK ZATWIERDZONEJ NARRACJI; NIE GENEROWAĆ INNYM GŁOSEM,
VOICE_reset_shake-it-out_steps_01,TOŻSAMOŚĆ GŁOSU WYMAGANA,shake-it-out,Hands; 0–20 s; mowa musi pozostawić przestrzeń na praktykę,Loosen the fingers and gently shake out the hands.,DO UZUPEŁNIENIA,DO UZUPEŁNIENIA,NIEZWERYFIKOWANE,,03_guide/narration/releaf-guide/reset/shake-it-out/main/01-hands.wav,narration/releaf-guide/reset/shake-it-out/main/01-hands.mp3,BRAK ZATWIERDZONEJ NARRACJI; NIE GENEROWAĆ INNYM GŁOSEM,
VOICE_reset_shake-it-out_steps_02,TOŻSAMOŚĆ GŁOSU WYMAGANA,shake-it-out,Arms; 20–40 s; mowa musi pozostawić przestrzeń na praktykę,Let the forearms and arms move loosely without forcing the shoulders.,DO UZUPEŁNIENIA,DO UZUPEŁNIENIA,NIEZWERYFIKOWANE,,03_guide/narration/releaf-guide/reset/shake-it-out/main/02-arms.wav,narration/releaf-guide/reset/shake-it-out/main/02-arms.mp3,BRAK ZATWIERDZONEJ NARRACJI; NIE GENEROWAĆ INNYM GŁOSEM,
VOICE_reset_shake-it-out_steps_03,TOŻSAMOŚĆ GŁOSU WYMAGANA,shake-it-out,Legs; 40–60 s; mowa musi pozostawić przestrzeń na praktykę,"If safe, add a little movement through the legs or feet. Stay seated if that is better.",DO UZUPEŁNIENIA,DO UZUPEŁNIENIA,NIEZWERYFIKOWANE,,03_guide/narration/releaf-guide/reset/shake-it-out/main/03-legs.wav,narration/releaf-guide/reset/shake-it-out/main/03-legs.mp3,BRAK ZATWIERDZONEJ NARRACJI; NIE GENEROWAĆ INNYM GŁOSEM,
VOICE_reset_shake-it-out_steps_04,TOŻSAMOŚĆ GŁOSU WYMAGANA,shake-it-out,Still; 60–80 s; mowa musi pozostawić przestrzeń na praktykę,Become still again and notice what feels different.,DO UZUPEŁNIENIA,DO UZUPEŁNIENIA,NIEZWERYFIKOWANE,,03_guide/narration/releaf-guide/reset/shake-it-out/main/04-still.wav,narration/releaf-guide/reset/shake-it-out/main/04-still.mp3,BRAK ZATWIERDZONEJ NARRACJI; NIE GENEROWAĆ INNYM GŁOSEM,
VOICE_reset_shake-it-out_steps_05,TOŻSAMOŚĆ GŁOSU WYMAGANA,shake-it-out,Return; 80–90 s; mowa musi pozostawić przestrzeń na praktykę,Use the next ten seconds to choose where your attention goes now.,DO UZUPEŁNIENIA,DO UZUPEŁNIENIA,NIEZWERYFIKOWANE,,03_guide/narration/releaf-guide/reset/shake-it-out/main/05-return.wav,narration/releaf-guide/reset/shake-it-out/main/05-return.mp3,BRAK ZATWIERDZONEJ NARRACJI; NIE GENEROWAĆ INNYM GŁOSEM,
VOICE_reset_micro-walk-reset_steps_01,TOŻSAMOŚĆ GŁOSU WYMAGANA,micro-walk-reset,Start; 0–20 s; mowa musi pozostawić przestrzeń na praktykę,Put the phone down or hold it safely and begin walking somewhere clear.,DO UZUPEŁNIENIA,DO UZUPEŁNIENIA,NIEZWERYFIKOWANE,,03_guide/narration/releaf-guide/reset/micro-walk-reset/main/01-start.wav,narration/releaf-guide/reset/micro-walk-reset/main/01-start.mp3,BRAK ZATWIERDZONEJ NARRACJI; NIE GENEROWAĆ INNYM GŁOSEM,
VOICE_reset_micro-walk-reset_steps_02,TOŻSAMOŚĆ GŁOSU WYMAGANA,micro-walk-reset,Steps; 20–50 s; mowa musi pozostawić przestrzeń na praktykę,Notice the changing pressure through your feet as you walk.,DO UZUPEŁNIENIA,DO UZUPEŁNIENIA,NIEZWERYFIKOWANE,,03_guide/narration/releaf-guide/reset/micro-walk-reset/main/02-steps.wav,narration/releaf-guide/reset/micro-walk-reset/main/02-steps.mp3,BRAK ZATWIERDZONEJ NARRACJI; NIE GENEROWAĆ INNYM GŁOSEM,
VOICE_reset_micro-walk-reset_steps_03,TOŻSAMOŚĆ GŁOSU WYMAGANA,micro-walk-reset,Look; 50–80 s; mowa musi pozostawić przestrzeń na praktykę,Notice three things that are farther away than the screen.,DO UZUPEŁNIENIA,DO UZUPEŁNIENIA,NIEZWERYFIKOWANE,,03_guide/narration/releaf-guide/reset/micro-walk-reset/main/03-look.wav,narration/releaf-guide/reset/micro-walk-reset/main/03-look.mp3,BRAK ZATWIERDZONEJ NARRACJI; NIE GENEROWAĆ INNYM GŁOSEM,
VOICE_reset_micro-walk-reset_steps_04,TOŻSAMOŚĆ GŁOSU WYMAGANA,micro-walk-reset,Listen; 80–100 s; mowa musi pozostawić przestrzeń na praktykę,Notice one nearby sound and one more distant sound.,DO UZUPEŁNIENIA,DO UZUPEŁNIENIA,NIEZWERYFIKOWANE,,03_guide/narration/releaf-guide/reset/micro-walk-reset/main/04-listen.wav,narration/releaf-guide/reset/micro-walk-reset/main/04-listen.mp3,BRAK ZATWIERDZONEJ NARRACJI; NIE GENEROWAĆ INNYM GŁOSEM,
VOICE_reset_micro-walk-reset_steps_05,TOŻSAMOŚĆ GŁOSU WYMAGANA,micro-walk-reset,Return; 100–120 s; mowa musi pozostawić przestrzeń na praktykę,Finish the walk and choose the next task before reopening everything else.,DO UZUPEŁNIENIA,DO UZUPEŁNIENIA,NIEZWERYFIKOWANE,,03_guide/narration/releaf-guide/reset/micro-walk-reset/main/05-return.wav,narration/releaf-guide/reset/micro-walk-reset/main/05-return.mp3,BRAK ZATWIERDZONEJ NARRACJI; NIE GENEROWAĆ INNYM GŁOSEM,
VOICE_reset_one-small-next-step_steps_01,TOŻSAMOŚĆ GŁOSU WYMAGANA,one-small-next-step,Pause; 0–15 s; mowa musi pozostawić przestrzeń na praktykę,Pause and name what needs your attention next.,DO UZUPEŁNIENIA,DO UZUPEŁNIENIA,NIEZWERYFIKOWANE,,03_guide/narration/releaf-guide/reset/one-small-next-step/main/01-pause.wav,narration/releaf-guide/reset/one-small-next-step/main/01-pause.mp3,BRAK ZATWIERDZONEJ NARRACJI; NIE GENEROWAĆ INNYM GŁOSEM,
VOICE_reset_one-small-next-step_steps_02,TOŻSAMOŚĆ GŁOSU WYMAGANA,one-small-next-step,Choose; 15–45 s; mowa musi pozostawić przestrzeń na praktykę,Choose one action that would move things forward a little.,DO UZUPEŁNIENIA,DO UZUPEŁNIENIA,NIEZWERYFIKOWANE,,03_guide/narration/releaf-guide/reset/one-small-next-step/main/02-choose.wav,narration/releaf-guide/reset/one-small-next-step/main/02-choose.mp3,BRAK ZATWIERDZONEJ NARRACJI; NIE GENEROWAĆ INNYM GŁOSEM,
VOICE_reset_one-small-next-step_steps_03,TOŻSAMOŚĆ GŁOSU WYMAGANA,one-small-next-step,Shrink; 45–75 s; mowa musi pozostawić przestrzeń na praktykę,Make the action smaller until it feels realistically doable.,DO UZUPEŁNIENIA,DO UZUPEŁNIENIA,NIEZWERYFIKOWANE,,03_guide/narration/releaf-guide/reset/one-small-next-step/main/03-shrink.wav,narration/releaf-guide/reset/one-small-next-step/main/03-shrink.mp3,BRAK ZATWIERDZONEJ NARRACJI; NIE GENEROWAĆ INNYM GŁOSEM,
VOICE_reset_one-small-next-step_steps_04,TOŻSAMOŚĆ GŁOSU WYMAGANA,one-small-next-step,Start; 75–100 s; mowa musi pozostawić przestrzeń na praktykę,Picture the first physical step.,DO UZUPEŁNIENIA,DO UZUPEŁNIENIA,NIEZWERYFIKOWANE,,03_guide/narration/releaf-guide/reset/one-small-next-step/main/04-start.wav,narration/releaf-guide/reset/one-small-next-step/main/04-start.mp3,BRAK ZATWIERDZONEJ NARRACJI; NIE GENEROWAĆ INNYM GŁOSEM,
VOICE_reset_one-small-next-step_steps_05,TOŻSAMOŚĆ GŁOSU WYMAGANA,one-small-next-step,Commit; 100–120 s; mowa musi pozostawić przestrzeń na praktykę,Keep only that next step for now.,DO UZUPEŁNIENIA,DO UZUPEŁNIENIA,NIEZWERYFIKOWANE,,03_guide/narration/releaf-guide/reset/one-small-next-step/main/05-commit.wav,narration/releaf-guide/reset/one-small-next-step/main/05-commit.mp3,BRAK ZATWIERDZONEJ NARRACJI; NIE GENEROWAĆ INNYM GŁOSEM,
VOICE_reset_sleep-faster-routine_steps_01,TOŻSAMOŚĆ GŁOSU WYMAGANA,sleep-faster-routine,Arrive; 0–30 s; mowa musi pozostawić przestrzeń na praktykę,Stop adding new tasks. This short routine is only about closing the day.,DO UZUPEŁNIENIA,DO UZUPEŁNIENIA,NIEZWERYFIKOWANE,,03_guide/narration/releaf-guide/reset/sleep-faster-routine/main/01-arrive.wav,narration/releaf-guide/reset/sleep-faster-routine/main/01-arrive.mp3,BRAK ZATWIERDZONEJ NARRACJI; NIE GENEROWAĆ INNYM GŁOSEM,
VOICE_reset_sleep-faster-routine_steps_02,TOŻSAMOŚĆ GŁOSU WYMAGANA,sleep-faster-routine,Off-load; 30–75 s; mowa musi pozostawić przestrzeń na praktykę,Name or write the one thing your mind is trying hardest to remember for tomorrow.,DO UZUPEŁNIENIA,DO UZUPEŁNIENIA,NIEZWERYFIKOWANE,,03_guide/narration/releaf-guide/reset/sleep-faster-routine/main/02-off-load.wav,narration/releaf-guide/reset/sleep-faster-routine/main/02-off-load.mp3,BRAK ZATWIERDZONEJ NARRACJI; NIE GENEROWAĆ INNYM GŁOSEM,
VOICE_reset_sleep-faster-routine_steps_03,TOŻSAMOŚĆ GŁOSU WYMAGANA,sleep-faster-routine,Lower input; 75–120 s; mowa musi pozostawić przestrzeń na praktykę,"Dim one source of stimulation: screen brightness, overhead light, sound, or active scrolling.",DO UZUPEŁNIENIA,DO UZUPEŁNIENIA,NIEZWERYFIKOWANE,,03_guide/narration/releaf-guide/reset/sleep-faster-routine/main/03-lower-input.wav,narration/releaf-guide/reset/sleep-faster-routine/main/03-lower-input.mp3,BRAK ZATWIERDZONEJ NARRACJI; NIE GENEROWAĆ INNYM GŁOSEM,
VOICE_reset_sleep-faster-routine_steps_04,TOŻSAMOŚĆ GŁOSU WYMAGANA,sleep-faster-routine,Cue; 120–150 s; mowa musi pozostawić przestrzeń na praktykę,"Choose one repeatable cue for sleep: plug in the phone, lower the light, or get into the same resting position.",DO UZUPEŁNIENIA,DO UZUPEŁNIENIA,NIEZWERYFIKOWANE,,03_guide/narration/releaf-guide/reset/sleep-faster-routine/main/04-cue.wav,narration/releaf-guide/reset/sleep-faster-routine/main/04-cue.mp3,BRAK ZATWIERDZONEJ NARRACJI; NIE GENEROWAĆ INNYM GŁOSEM,
VOICE_reset_sleep-faster-routine_steps_05,TOŻSAMOŚĆ GŁOSU WYMAGANA,sleep-faster-routine,Finish; 150–180 s; mowa musi pozostawić przestrzeń na praktykę,Let unfinished things stay unfinished. Your next task is only to rest.,DO UZUPEŁNIENIA,DO UZUPEŁNIENIA,NIEZWERYFIKOWANE,,03_guide/narration/releaf-guide/reset/sleep-faster-routine/main/05-finish.wav,narration/releaf-guide/reset/sleep-faster-routine/main/05-finish.mp3,BRAK ZATWIERDZONEJ NARRACJI; NIE GENEROWAĆ INNYM GŁOSEM,
VOICE_reset_morning-reset-ritual_steps_01,TOŻSAMOŚĆ GŁOSU WYMAGANA,morning-reset-ritual,Orient; 0–20 s; mowa musi pozostawić przestrzeń na praktykę,Look around the room before looking at the task list. Notice where you are and what time of day it is.,DO UZUPEŁNIENIA,DO UZUPEŁNIENIA,NIEZWERYFIKOWANE,,03_guide/narration/releaf-guide/reset/morning-reset-ritual/main/01-orient.wav,narration/releaf-guide/reset/morning-reset-ritual/main/01-orient.mp3,BRAK ZATWIERDZONEJ NARRACJI; NIE GENEROWAĆ INNYM GŁOSEM,
VOICE_reset_morning-reset-ritual_steps_02,TOŻSAMOŚĆ GŁOSU WYMAGANA,morning-reset-ritual,Posture; 20–40 s; mowa musi pozostawić przestrzeń na praktykę,Come a little more upright and let your feet or body feel supported.,DO UZUPEŁNIENIA,DO UZUPEŁNIENIA,NIEZWERYFIKOWANE,,03_guide/narration/releaf-guide/reset/morning-reset-ritual/main/02-posture.wav,narration/releaf-guide/reset/morning-reset-ritual/main/02-posture.mp3,BRAK ZATWIERDZONEJ NARRACJI; NIE GENEROWAĆ INNYM GŁOSEM,
VOICE_reset_morning-reset-ritual_steps_03,TOŻSAMOŚĆ GŁOSU WYMAGANA,morning-reset-ritual,Move; 40–70 s; mowa musi pozostawić przestrzeń na praktykę,"Add a small comfortable movement: stand, stretch, roll the shoulders, or walk a few steps.",DO UZUPEŁNIENIA,DO UZUPEŁNIENIA,NIEZWERYFIKOWANE,,03_guide/narration/releaf-guide/reset/morning-reset-ritual/main/03-move.wav,narration/releaf-guide/reset/morning-reset-ritual/main/03-move.mp3,BRAK ZATWIERDZONEJ NARRACJI; NIE GENEROWAĆ INNYM GŁOSEM,
VOICE_reset_morning-reset-ritual_steps_04,TOŻSAMOŚĆ GŁOSU WYMAGANA,morning-reset-ritual,Choose; 70–100 s; mowa musi pozostawić przestrzeń na praktykę,Pick one priority that would make the next part of the morning easier.,DO UZUPEŁNIENIA,DO UZUPEŁNIENIA,NIEZWERYFIKOWANE,,03_guide/narration/releaf-guide/reset/morning-reset-ritual/main/04-choose.wav,narration/releaf-guide/reset/morning-reset-ritual/main/04-choose.mp3,BRAK ZATWIERDZONEJ NARRACJI; NIE GENEROWAĆ INNYM GŁOSEM,
VOICE_reset_morning-reset-ritual_steps_05,TOŻSAMOŚĆ GŁOSU WYMAGANA,morning-reset-ritual,Begin; 100–120 s; mowa musi pozostawić przestrzeń na praktykę,Shrink that priority to its first visible action and start there.,DO UZUPEŁNIENIA,DO UZUPEŁNIENIA,NIEZWERYFIKOWANE,,03_guide/narration/releaf-guide/reset/morning-reset-ritual/main/05-begin.wav,narration/releaf-guide/reset/morning-reset-ritual/main/05-begin.mp3,BRAK ZATWIERDZONEJ NARRACJI; NIE GENEROWAĆ INNYM GŁOSEM,
VOICE_reset_confidence-posture-reset_steps_01,TOŻSAMOŚĆ GŁOSU WYMAGANA,confidence-posture-reset,Ground; 0–15 s; mowa musi pozostawić przestrzeń na praktykę,Feel both feet or your seat against something stable.,DO UZUPEŁNIENIA,DO UZUPEŁNIENIA,NIEZWERYFIKOWANE,,03_guide/narration/releaf-guide/reset/confidence-posture-reset/main/01-ground.wav,narration/releaf-guide/reset/confidence-posture-reset/main/01-ground.mp3,BRAK ZATWIERDZONEJ NARRACJI; NIE GENEROWAĆ INNYM GŁOSEM,
VOICE_reset_confidence-posture-reset_steps_02,TOŻSAMOŚĆ GŁOSU WYMAGANA,confidence-posture-reset,Lengthen; 15–35 s; mowa musi pozostawić przestrzeń na praktykę,Let the chest and head come a little more upright without forcing the shoulders back.,DO UZUPEŁNIENIA,DO UZUPEŁNIENIA,NIEZWERYFIKOWANE,,03_guide/narration/releaf-guide/reset/confidence-posture-reset/main/02-lengthen.wav,narration/releaf-guide/reset/confidence-posture-reset/main/02-lengthen.mp3,BRAK ZATWIERDZONEJ NARRACJI; NIE GENEROWAĆ INNYM GŁOSEM,
VOICE_reset_confidence-posture-reset_steps_03,TOŻSAMOŚĆ GŁOSU WYMAGANA,confidence-posture-reset,Release; 35–50 s; mowa musi pozostawić przestrzeń na praktykę,Unclench the hands and soften the jaw.,DO UZUPEŁNIENIA,DO UZUPEŁNIENIA,NIEZWERYFIKOWANE,,03_guide/narration/releaf-guide/reset/confidence-posture-reset/main/03-release.wav,narration/releaf-guide/reset/confidence-posture-reset/main/03-release.mp3,BRAK ZATWIERDZONEJ NARRACJI; NIE GENEROWAĆ INNYM GŁOSEM,
VOICE_reset_confidence-posture-reset_steps_04,TOŻSAMOŚĆ GŁOSU WYMAGANA,confidence-posture-reset,Look outward; 50–70 s; mowa musi pozostawić przestrzeń na praktykę,"Move attention away from how you might look and toward the person, task or room in front of you.",DO UZUPEŁNIENIA,DO UZUPEŁNIENIA,NIEZWERYFIKOWANE,,03_guide/narration/releaf-guide/reset/confidence-posture-reset/main/04-look-outward.wav,narration/releaf-guide/reset/confidence-posture-reset/main/04-look-outward.mp3,BRAK ZATWIERDZONEJ NARRACJI; NIE GENEROWAĆ INNYM GŁOSEM,
VOICE_reset_confidence-posture-reset_steps_05,TOŻSAMOŚĆ GŁOSU WYMAGANA,confidence-posture-reset,First line; 70–90 s; mowa musi pozostawić przestrzeń na praktykę,Choose your first sentence or first action. You only need to begin.,DO UZUPEŁNIENIA,DO UZUPEŁNIENIA,NIEZWERYFIKOWANE,,03_guide/narration/releaf-guide/reset/confidence-posture-reset/main/05-first-line.wav,narration/releaf-guide/reset/confidence-posture-reset/main/05-first-line.mp3,BRAK ZATWIERDZONEJ NARRACJI; NIE GENEROWAĆ INNYM GŁOSEM,
VOICE_reset_deep-focus-method_steps_01,TOŻSAMOŚĆ GŁOSU WYMAGANA,deep-focus-method,Clear; 0–30 s; mowa musi pozostawić przestrzeń na praktykę,Close or move one thing that does not belong to the next work block.,DO UZUPEŁNIENIA,DO UZUPEŁNIENIA,NIEZWERYFIKOWANE,,03_guide/narration/releaf-guide/reset/deep-focus-method/main/01-clear.wav,narration/releaf-guide/reset/deep-focus-method/main/01-clear.mp3,BRAK ZATWIERDZONEJ NARRACJI; NIE GENEROWAĆ INNYM GŁOSEM,
VOICE_reset_deep-focus-method_steps_02,TOŻSAMOŚĆ GŁOSU WYMAGANA,deep-focus-method,Choose; 30–60 s; mowa musi pozostawić przestrzeń na praktykę,Define one outcome for this block in a single sentence.,DO UZUPEŁNIENIA,DO UZUPEŁNIENIA,NIEZWERYFIKOWANE,,03_guide/narration/releaf-guide/reset/deep-focus-method/main/02-choose.wav,narration/releaf-guide/reset/deep-focus-method/main/02-choose.mp3,BRAK ZATWIERDZONEJ NARRACJI; NIE GENEROWAĆ INNYM GŁOSEM,
VOICE_reset_deep-focus-method_steps_03,TOŻSAMOŚĆ GŁOSU WYMAGANA,deep-focus-method,Shrink; 60–90 s; mowa musi pozostawić przestrzeń na praktykę,Turn that outcome into the smallest visible first action.,DO UZUPEŁNIENIA,DO UZUPEŁNIENIA,NIEZWERYFIKOWANE,,03_guide/narration/releaf-guide/reset/deep-focus-method/main/03-shrink.wav,narration/releaf-guide/reset/deep-focus-method/main/03-shrink.mp3,BRAK ZATWIERDZONEJ NARRACJI; NIE GENEROWAĆ INNYM GŁOSEM,
VOICE_reset_deep-focus-method_steps_04,TOŻSAMOŚĆ GŁOSU WYMAGANA,deep-focus-method,Start; 90–150 s; mowa musi pozostawić przestrzeń na praktykę,Begin that action now. Do not optimise the whole plan while you are starting.,DO UZUPEŁNIENIA,DO UZUPEŁNIENIA,NIEZWERYFIKOWANE,,03_guide/narration/releaf-guide/reset/deep-focus-method/main/04-start.wav,narration/releaf-guide/reset/deep-focus-method/main/04-start.mp3,BRAK ZATWIERDZONEJ NARRACJI; NIE GENEROWAĆ INNYM GŁOSEM,
VOICE_reset_deep-focus-method_steps_05,TOŻSAMOŚĆ GŁOSU WYMAGANA,deep-focus-method,Commit; 150–180 s; mowa musi pozostawić przestrzeń na praktykę,Keep this one task active. Everything else can wait until the block ends.,DO UZUPEŁNIENIA,DO UZUPEŁNIENIA,NIEZWERYFIKOWANE,,03_guide/narration/releaf-guide/reset/deep-focus-method/main/05-commit.wav,narration/releaf-guide/reset/deep-focus-method/main/05-commit.mp3,BRAK ZATWIERDZONEJ NARRACJI; NIE GENEROWAĆ INNYM GŁOSEM,
VOICE_reset_emotional-stability-drill_steps_01,TOŻSAMOŚĆ GŁOSU WYMAGANA,emotional-stability-drill,Name; 0–30 s; mowa musi pozostawić przestrzeń na praktykę,Use one simple word for the strongest feeling here.,DO UZUPEŁNIENIA,DO UZUPEŁNIENIA,NIEZWERYFIKOWANE,,03_guide/narration/releaf-guide/reset/emotional-stability-drill/main/01-name.wav,narration/releaf-guide/reset/emotional-stability-drill/main/01-name.mp3,BRAK ZATWIERDZONEJ NARRACJI; NIE GENEROWAĆ INNYM GŁOSEM,
VOICE_reset_emotional-stability-drill_steps_02,TOŻSAMOŚĆ GŁOSU WYMAGANA,emotional-stability-drill,Locate; 30–60 s; mowa musi pozostawić przestrzeń na praktykę,Notice where the activation is easiest to feel in the body.,DO UZUPEŁNIENIA,DO UZUPEŁNIENIA,NIEZWERYFIKOWANE,,03_guide/narration/releaf-guide/reset/emotional-stability-drill/main/02-locate.wav,narration/releaf-guide/reset/emotional-stability-drill/main/02-locate.mp3,BRAK ZATWIERDZONEJ NARRACJI; NIE GENEROWAĆ INNYM GŁOSEM,
VOICE_reset_emotional-stability-drill_steps_03,TOŻSAMOŚĆ GŁOSU WYMAGANA,emotional-stability-drill,Separate; 60–90 s; mowa musi pozostawić przestrzeń na praktykę,Name the urge as an urge. You can feel it without acting on it yet.,DO UZUPEŁNIENIA,DO UZUPEŁNIENIA,NIEZWERYFIKOWANE,,03_guide/narration/releaf-guide/reset/emotional-stability-drill/main/03-separate.wav,narration/releaf-guide/reset/emotional-stability-drill/main/03-separate.mp3,BRAK ZATWIERDZONEJ NARRACJI; NIE GENEROWAĆ INNYM GŁOSEM,
VOICE_reset_emotional-stability-drill_steps_04,TOŻSAMOŚĆ GŁOSU WYMAGANA,emotional-stability-drill,Choose; 90–120 s; mowa musi pozostawić przestrzeń na praktykę,Ask what response would still make sense ten minutes from now.,DO UZUPEŁNIENIA,DO UZUPEŁNIENIA,NIEZWERYFIKOWANE,,03_guide/narration/releaf-guide/reset/emotional-stability-drill/main/04-choose.wav,narration/releaf-guide/reset/emotional-stability-drill/main/04-choose.mp3,BRAK ZATWIERDZONEJ NARRACJI; NIE GENEROWAĆ INNYM GŁOSEM,
VOICE_reset_emotional-stability-drill_steps_05,TOŻSAMOŚĆ GŁOSU WYMAGANA,emotional-stability-drill,Next; 120–150 s; mowa musi pozostawić przestrzeń na praktykę,Take only the next deliberate step.,DO UZUPEŁNIENIA,DO UZUPEŁNIENIA,NIEZWERYFIKOWANE,,03_guide/narration/releaf-guide/reset/emotional-stability-drill/main/05-next.wav,narration/releaf-guide/reset/emotional-stability-drill/main/05-next.mp3,BRAK ZATWIERDZONEJ NARRACJI; NIE GENEROWAĆ INNYM GŁOSEM,
VOICE_reset_night-nervous-system-unwind_steps_01,TOŻSAMOŚĆ GŁOSU WYMAGANA,night-nervous-system-unwind,Dim; 0–30 s; mowa musi pozostawić przestrzeń na praktykę,Reduce one source of stimulation around you.,DO UZUPEŁNIENIA,DO UZUPEŁNIENIA,NIEZWERYFIKOWANE,,03_guide/narration/releaf-guide/reset/night-nervous-system-unwind/main/01-dim.wav,narration/releaf-guide/reset/night-nervous-system-unwind/main/01-dim.mp3,BRAK ZATWIERDZONEJ NARRACJI; NIE GENEROWAĆ INNYM GŁOSEM,
VOICE_reset_night-nervous-system-unwind_steps_02,TOŻSAMOŚĆ GŁOSU WYMAGANA,night-nervous-system-unwind,Jaw; 30–60 s; mowa musi pozostawić przestrzeń na praktykę,Let the teeth separate and soften the tongue and jaw.,DO UZUPEŁNIENIA,DO UZUPEŁNIENIA,NIEZWERYFIKOWANE,,03_guide/narration/releaf-guide/reset/night-nervous-system-unwind/main/02-jaw.wav,narration/releaf-guide/reset/night-nervous-system-unwind/main/02-jaw.mp3,BRAK ZATWIERDZONEJ NARRACJI; NIE GENEROWAĆ INNYM GŁOSEM,
VOICE_reset_night-nervous-system-unwind_steps_03,TOŻSAMOŚĆ GŁOSU WYMAGANA,night-nervous-system-unwind,Shoulders; 60–90 s; mowa musi pozostawić przestrzeń na praktykę,Let the shoulders drop only as far as feels natural.,DO UZUPEŁNIENIA,DO UZUPEŁNIENIA,NIEZWERYFIKOWANE,,03_guide/narration/releaf-guide/reset/night-nervous-system-unwind/main/03-shoulders.wav,narration/releaf-guide/reset/night-nervous-system-unwind/main/03-shoulders.mp3,BRAK ZATWIERDZONEJ NARRACJI; NIE GENEROWAĆ INNYM GŁOSEM,
VOICE_reset_night-nervous-system-unwind_steps_04,TOŻSAMOŚĆ GŁOSU WYMAGANA,night-nervous-system-unwind,Off-load; 90–135 s; mowa musi pozostawić przestrzeń na praktykę,Name one unfinished thing and deliberately leave it for tomorrow.,DO UZUPEŁNIENIA,DO UZUPEŁNIENIA,NIEZWERYFIKOWANE,,03_guide/narration/releaf-guide/reset/night-nervous-system-unwind/main/04-off-load.wav,narration/releaf-guide/reset/night-nervous-system-unwind/main/04-off-load.mp3,BRAK ZATWIERDZONEJ NARRACJI; NIE GENEROWAĆ INNYM GŁOSEM,
VOICE_reset_night-nervous-system-unwind_steps_05,TOŻSAMOŚĆ GŁOSU WYMAGANA,night-nervous-system-unwind,Settle; 135–180 s; mowa musi pozostawić przestrzeń na praktykę,Choose a quieter position and let the next few minutes contain less input.,DO UZUPEŁNIENIA,DO UZUPEŁNIENIA,NIEZWERYFIKOWANE,,03_guide/narration/releaf-guide/reset/night-nervous-system-unwind/main/05-settle.wav,narration/releaf-guide/reset/night-nervous-system-unwind/main/05-settle.mp3,BRAK ZATWIERDZONEJ NARRACJI; NIE GENEROWAĆ INNYM GŁOSEM,
VOICE_reset_quick-mood-shift_steps_01,TOŻSAMOŚĆ GŁOSU WYMAGANA,quick-mood-shift,Move; 0–30 s; mowa musi pozostawić przestrzeń na praktykę,"Stand, stretch, or change position for a few comfortable moments.",DO UZUPEŁNIENIA,DO UZUPEŁNIENIA,NIEZWERYFIKOWANE,,03_guide/narration/releaf-guide/reset/quick-mood-shift/main/01-move.wav,narration/releaf-guide/reset/quick-mood-shift/main/01-move.mp3,BRAK ZATWIERDZONEJ NARRACJI; NIE GENEROWAĆ INNYM GŁOSEM,
VOICE_reset_quick-mood-shift_steps_02,TOŻSAMOŚĆ GŁOSU WYMAGANA,quick-mood-shift,Light; 30–60 s; mowa musi pozostawić przestrzeń na praktykę,"If practical, move toward brighter natural light or a different part of the room.",DO UZUPEŁNIENIA,DO UZUPEŁNIENIA,NIEZWERYFIKOWANE,,03_guide/narration/releaf-guide/reset/quick-mood-shift/main/02-light.wav,narration/releaf-guide/reset/quick-mood-shift/main/02-light.mp3,BRAK ZATWIERDZONEJ NARRACJI; NIE GENEROWAĆ INNYM GŁOSEM,
VOICE_reset_quick-mood-shift_steps_03,TOŻSAMOŚĆ GŁOSU WYMAGANA,quick-mood-shift,Sense; 60–90 s; mowa musi pozostawić przestrzeń na praktykę,"Notice one sound, colour or temperature that is different from a moment ago.",DO UZUPEŁNIENIA,DO UZUPEŁNIENIA,NIEZWERYFIKOWANE,,03_guide/narration/releaf-guide/reset/quick-mood-shift/main/03-sense.wav,narration/releaf-guide/reset/quick-mood-shift/main/03-sense.mp3,BRAK ZATWIERDZONEJ NARRACJI; NIE GENEROWAĆ INNYM GŁOSEM,
VOICE_reset_quick-mood-shift_steps_04,TOŻSAMOŚĆ GŁOSU WYMAGANA,quick-mood-shift,Act; 90–120 s; mowa musi pozostawić przestrzeń na praktykę,Complete one tiny useful action before deciding what your mood should be.,DO UZUPEŁNIENIA,DO UZUPEŁNIENIA,NIEZWERYFIKOWANE,,03_guide/narration/releaf-guide/reset/quick-mood-shift/main/04-act.wav,narration/releaf-guide/reset/quick-mood-shift/main/04-act.mp3,BRAK ZATWIERDZONEJ NARRACJI; NIE GENEROWAĆ INNYM GŁOSEM,
VOICE_reset_body-recalibration_steps_01,TOŻSAMOŚĆ GŁOSU WYMAGANA,body-recalibration,Support; 0–25 s; mowa musi pozostawić przestrzeń na praktykę,"Notice how your feet, legs or seat are being supported.",DO UZUPEŁNIENIA,DO UZUPEŁNIENIA,NIEZWERYFIKOWANE,,03_guide/narration/releaf-guide/reset/body-recalibration/main/01-support.wav,narration/releaf-guide/reset/body-recalibration/main/01-support.mp3,BRAK ZATWIERDZONEJ NARRACJI; NIE GENEROWAĆ INNYM GŁOSEM,
VOICE_reset_body-recalibration_steps_02,TOŻSAMOŚĆ GŁOSU WYMAGANA,body-recalibration,Jaw; 25–50 s; mowa musi pozostawić przestrzeń na praktykę,Check whether the jaw or face is working harder than it needs to.,DO UZUPEŁNIENIA,DO UZUPEŁNIENIA,NIEZWERYFIKOWANE,,03_guide/narration/releaf-guide/reset/body-recalibration/main/02-jaw.wav,narration/releaf-guide/reset/body-recalibration/main/02-jaw.mp3,BRAK ZATWIERDZONEJ NARRACJI; NIE GENEROWAĆ INNYM GŁOSEM,
VOICE_reset_body-recalibration_steps_03,TOŻSAMOŚĆ GŁOSU WYMAGANA,body-recalibration,Shoulders; 50–75 s; mowa musi pozostawić przestrzeń na praktykę,"Let the shoulders move once, then settle where they feel easiest.",DO UZUPEŁNIENIA,DO UZUPEŁNIENIA,NIEZWERYFIKOWANE,,03_guide/narration/releaf-guide/reset/body-recalibration/main/03-shoulders.wav,narration/releaf-guide/reset/body-recalibration/main/03-shoulders.mp3,BRAK ZATWIERDZONEJ NARRACJI; NIE GENEROWAĆ INNYM GŁOSEM,
VOICE_reset_body-recalibration_steps_04,TOŻSAMOŚĆ GŁOSU WYMAGANA,body-recalibration,Hands; 75–100 s; mowa musi pozostawić przestrzeń na praktykę,Unclench the hands and let the fingers rest.,DO UZUPEŁNIENIA,DO UZUPEŁNIENIA,NIEZWERYFIKOWANE,,03_guide/narration/releaf-guide/reset/body-recalibration/main/04-hands.wav,narration/releaf-guide/reset/body-recalibration/main/04-hands.mp3,BRAK ZATWIERDZONEJ NARRACJI; NIE GENEROWAĆ INNYM GŁOSEM,
VOICE_reset_body-recalibration_steps_05,TOŻSAMOŚĆ GŁOSU WYMAGANA,body-recalibration,Posture; 100–125 s; mowa musi pozostawić przestrzeń na praktykę,Adjust your position only enough to feel supported and alert.,DO UZUPEŁNIENIA,DO UZUPEŁNIENIA,NIEZWERYFIKOWANE,,03_guide/narration/releaf-guide/reset/body-recalibration/main/05-posture.wav,narration/releaf-guide/reset/body-recalibration/main/05-posture.mp3,BRAK ZATWIERDZONEJ NARRACJI; NIE GENEROWAĆ INNYM GŁOSEM,
VOICE_reset_body-recalibration_steps_06,TOŻSAMOŚĆ GŁOSU WYMAGANA,body-recalibration,Move; 125–150 s; mowa musi pozostawić przestrzeń na praktykę,"Finish with one small movement that feels useful: stand, walk, stretch or reset your working position.",DO UZUPEŁNIENIA,DO UZUPEŁNIENIA,NIEZWERYFIKOWANE,,03_guide/narration/releaf-guide/reset/body-recalibration/main/06-move.wav,narration/releaf-guide/reset/body-recalibration/main/06-move.mp3,BRAK ZATWIERDZONEJ NARRACJI; NIE GENEROWAĆ INNYM GŁOSEM,
VOICE_reset_before-panic-builds_steps_01,TOŻSAMOŚĆ GŁOSU WYMAGANA,before-panic-builds,Orient; 0–20 s; mowa musi pozostawić przestrzeń na praktykę,Look around and name where you are. Let your eyes land on a few ordinary details.,DO UZUPEŁNIENIA,DO UZUPEŁNIENIA,NIEZWERYFIKOWANE,,03_guide/narration/releaf-guide/reset/before-panic-builds/main/01-orient.wav,narration/releaf-guide/reset/before-panic-builds/main/01-orient.mp3,BRAK ZATWIERDZONEJ NARRACJI; NIE GENEROWAĆ INNYM GŁOSEM,
VOICE_reset_before-panic-builds_steps_02,TOŻSAMOŚĆ GŁOSU WYMAGANA,before-panic-builds,Contact; 20–45 s; mowa musi pozostawić przestrzeń na praktykę,"Notice two or three stable points of contact: feet, chair, floor, wall, or your hands.",DO UZUPEŁNIENIA,DO UZUPEŁNIENIA,NIEZWERYFIKOWANE,,03_guide/narration/releaf-guide/reset/before-panic-builds/main/02-contact.wav,narration/releaf-guide/reset/before-panic-builds/main/02-contact.mp3,BRAK ZATWIERDZONEJ NARRACJI; NIE GENEROWAĆ INNYM GŁOSEM,
VOICE_reset_before-panic-builds_steps_03,TOŻSAMOŚĆ GŁOSU WYMAGANA,before-panic-builds,Widen; 45–70 s; mowa musi pozostawić przestrzeń na praktykę,Let attention widen to the room instead of checking every body sensation.,DO UZUPEŁNIENIA,DO UZUPEŁNIENIA,NIEZWERYFIKOWANE,,03_guide/narration/releaf-guide/reset/before-panic-builds/main/03-widen.wav,narration/releaf-guide/reset/before-panic-builds/main/03-widen.mp3,BRAK ZATWIERDZONEJ NARRACJI; NIE GENEROWAĆ INNYM GŁOSEM,
VOICE_reset_before-panic-builds_steps_04,TOŻSAMOŚĆ GŁOSU WYMAGANA,before-panic-builds,Release; 70–95 s; mowa musi pozostawić przestrzeń na praktykę,"If it feels comfortable, loosen the jaw, hands, or shoulders without forcing anything.",DO UZUPEŁNIENIA,DO UZUPEŁNIENIA,NIEZWERYFIKOWANE,,03_guide/narration/releaf-guide/reset/before-panic-builds/main/04-release.wav,narration/releaf-guide/reset/before-panic-builds/main/04-release.mp3,BRAK ZATWIERDZONEJ NARRACJI; NIE GENEROWAĆ INNYM GŁOSEM,
VOICE_reset_before-panic-builds_steps_05,TOŻSAMOŚĆ GŁOSU WYMAGANA,before-panic-builds,Next; 95–120 s; mowa musi pozostawić przestrzeń na praktykę,Choose one simple next action. You do not need to solve the whole moment at once.,DO UZUPEŁNIENIA,DO UZUPEŁNIENIA,NIEZWERYFIKOWANE,,03_guide/narration/releaf-guide/reset/before-panic-builds/main/05-next.wav,narration/releaf-guide/reset/before-panic-builds/main/05-next.mp3,BRAK ZATWIERDZONEJ NARRACJI; NIE GENEROWAĆ INNYM GŁOSEM,
VOICE_reset_before-panic-builds_simplifiedSteps_01,TOŻSAMOŚĆ GŁOSU WYMAGANA,before-panic-builds,See; 0–20 s; mowa musi pozostawić przestrzeń na praktykę,Name three ordinary things you can see.,DO UZUPEŁNIENIA,DO UZUPEŁNIENIA,NIEZWERYFIKOWANE,,03_guide/narration/releaf-guide/reset/before-panic-builds/simplified/01-see.wav,narration/releaf-guide/reset/before-panic-builds/simplified/01-see.mp3,BRAK ZATWIERDZONEJ NARRACJI; NIE GENEROWAĆ INNYM GŁOSEM,
VOICE_reset_before-panic-builds_simplifiedSteps_02,TOŻSAMOŚĆ GŁOSU WYMAGANA,before-panic-builds,Feel; 20–40 s; mowa musi pozostawić przestrzeń na praktykę,Notice two points where your body is supported.,DO UZUPEŁNIENIA,DO UZUPEŁNIENIA,NIEZWERYFIKOWANE,,03_guide/narration/releaf-guide/reset/before-panic-builds/simplified/02-feel.wav,narration/releaf-guide/reset/before-panic-builds/simplified/02-feel.mp3,BRAK ZATWIERDZONEJ NARRACJI; NIE GENEROWAĆ INNYM GŁOSEM,
VOICE_reset_before-panic-builds_simplifiedSteps_03,TOŻSAMOŚĆ GŁOSU WYMAGANA,before-panic-builds,Next; 40–60 s; mowa musi pozostawić przestrzeń na praktykę,Choose one small next action.,DO UZUPEŁNIENIA,DO UZUPEŁNIENIA,NIEZWERYFIKOWANE,,03_guide/narration/releaf-guide/reset/before-panic-builds/simplified/03-next.wav,narration/releaf-guide/reset/before-panic-builds/simplified/03-next.mp3,BRAK ZATWIERDZONEJ NARRACJI; NIE GENEROWAĆ INNYM GŁOSEM,
VOICE_reset_before-exam_steps_01,TOŻSAMOŚĆ GŁOSU WYMAGANA,before-exam,Stop; 0–25 s; mowa musi pozostawić przestrzeń na praktykę,Stop trying to revise everything in the final minutes. You do not need to hold the whole subject at once.,DO UZUPEŁNIENIA,DO UZUPEŁNIENIA,NIEZWERYFIKOWANE,,03_guide/narration/releaf-guide/reset/before-exam/main/01-stop.wav,narration/releaf-guide/reset/before-exam/main/01-stop.mp3,BRAK ZATWIERDZONEJ NARRACJI; NIE GENEROWAĆ INNYM GŁOSEM,
VOICE_reset_before-exam_steps_02,TOŻSAMOŚĆ GŁOSU WYMAGANA,before-exam,First Step; 25–55 s; mowa musi pozostawić przestrzeń na praktykę,"Choose the first thing you will do when the exam begins: read the instructions, scan the page, or start with one question.",DO UZUPEŁNIENIA,DO UZUPEŁNIENIA,NIEZWERYFIKOWANE,,03_guide/narration/releaf-guide/reset/before-exam/main/02-first-step.wav,narration/releaf-guide/reset/before-exam/main/02-first-step.mp3,BRAK ZATWIERDZONEJ NARRACJI; NIE GENEROWAĆ INNYM GŁOSEM,
VOICE_reset_before-exam_steps_03,TOŻSAMOŚĆ GŁOSU WYMAGANA,before-exam,Support; 55–85 s; mowa musi pozostawić przestrzeń na praktykę,"Notice your feet, chair, or another stable point of physical support.",DO UZUPEŁNIENIA,DO UZUPEŁNIENIA,NIEZWERYFIKOWANE,,03_guide/narration/releaf-guide/reset/before-exam/main/03-support.wav,narration/releaf-guide/reset/before-exam/main/03-support.mp3,BRAK ZATWIERDZONEJ NARRACJI; NIE GENEROWAĆ INNYM GŁOSEM,
VOICE_reset_before-exam_steps_04,TOŻSAMOŚĆ GŁOSU WYMAGANA,before-exam,Release; 85–115 s; mowa musi pozostawić przestrzeń na praktykę,"Let unnecessary effort soften in your jaw, hands, and shoulders.",DO UZUPEŁNIENIA,DO UZUPEŁNIENIA,NIEZWERYFIKOWANE,,03_guide/narration/releaf-guide/reset/before-exam/main/04-release.wav,narration/releaf-guide/reset/before-exam/main/04-release.mp3,BRAK ZATWIERDZONEJ NARRACJI; NIE GENEROWAĆ INNYM GŁOSEM,
VOICE_reset_before-exam_steps_05,TOŻSAMOŚĆ GŁOSU WYMAGANA,before-exam,Begin; 115–150 s; mowa musi pozostawić przestrzeń na praktykę,Keep only the first question or first instruction in front of you. The rest can arrive one step at a time.,DO UZUPEŁNIENIA,DO UZUPEŁNIENIA,NIEZWERYFIKOWANE,,03_guide/narration/releaf-guide/reset/before-exam/main/05-begin.wav,narration/releaf-guide/reset/before-exam/main/05-begin.mp3,BRAK ZATWIERDZONEJ NARRACJI; NIE GENEROWAĆ INNYM GŁOSEM,
VOICE_reset_before-interview_steps_01,TOŻSAMOŚĆ GŁOSU WYMAGANA,before-interview,Arrive; 0–25 s; mowa musi pozostawić przestrzeń na praktykę,Notice the urge to prepare everything at once. You do not need to solve the whole interview right now.,DO UZUPEŁNIENIA,DO UZUPEŁNIENIA,NIEZWERYFIKOWANE,,03_guide/narration/releaf-guide/reset/before-interview/main/01-arrive.wav,narration/releaf-guide/reset/before-interview/main/01-arrive.mp3,BRAK ZATWIERDZONEJ NARRACJI; NIE GENEROWAĆ INNYM GŁOSEM,
VOICE_reset_before-interview_steps_02,TOŻSAMOŚĆ GŁOSU WYMAGANA,before-interview,Choose; 25–60 s; mowa musi pozostawić przestrzeń na praktykę,Choose one thing you want to communicate clearly.,DO UZUPEŁNIENIA,DO UZUPEŁNIENIA,NIEZWERYFIKOWANE,,03_guide/narration/releaf-guide/reset/before-interview/main/02-choose.wav,narration/releaf-guide/reset/before-interview/main/02-choose.mp3,BRAK ZATWIERDZONEJ NARRACJI; NIE GENEROWAĆ INNYM GŁOSEM,
VOICE_reset_before-interview_steps_03,TOŻSAMOŚĆ GŁOSU WYMAGANA,before-interview,Settle; 60–90 s; mowa musi pozostawić przestrzeń na praktykę,Let your shoulders drop and place both feet somewhere stable.,DO UZUPEŁNIENIA,DO UZUPEŁNIENIA,NIEZWERYFIKOWANE,,03_guide/narration/releaf-guide/reset/before-interview/main/03-settle.wav,narration/releaf-guide/reset/before-interview/main/03-settle.mp3,BRAK ZATWIERDZONEJ NARRACJI; NIE GENEROWAĆ INNYM GŁOSEM,
VOICE_reset_before-interview_steps_04,TOŻSAMOŚĆ GŁOSU WYMAGANA,before-interview,First Step; 90–125 s; mowa musi pozostawić przestrzeń na praktykę,Choose one small action you can take when the conversation begins.,DO UZUPEŁNIENIA,DO UZUPEŁNIENIA,NIEZWERYFIKOWANE,,03_guide/narration/releaf-guide/reset/before-interview/main/04-first-step.wav,narration/releaf-guide/reset/before-interview/main/04-first-step.mp3,BRAK ZATWIERDZONEJ NARRACJI; NIE GENEROWAĆ INNYM GŁOSEM,
VOICE_reset_before-interview_steps_05,TOŻSAMOŚĆ GŁOSU WYMAGANA,before-interview,Ready; 125–150 s; mowa musi pozostawić przestrzeń na praktykę,Keep only that first step for now.,DO UZUPEŁNIENIA,DO UZUPEŁNIENIA,NIEZWERYFIKOWANE,,03_guide/narration/releaf-guide/reset/before-interview/main/05-ready.wav,narration/releaf-guide/reset/before-interview/main/05-ready.mp3,BRAK ZATWIERDZONEJ NARRACJI; NIE GENEROWAĆ INNYM GŁOSEM,
VOICE_reset_before-presentation_steps_01,TOŻSAMOŚĆ GŁOSU WYMAGANA,before-presentation,Notice; 0–25 s; mowa musi pozostawić przestrzeń na praktykę,Notice where you are holding tension.,DO UZUPEŁNIENIA,DO UZUPEŁNIENIA,NIEZWERYFIKOWANE,,03_guide/narration/releaf-guide/reset/before-presentation/main/01-notice.wav,narration/releaf-guide/reset/before-presentation/main/01-notice.mp3,BRAK ZATWIERDZONEJ NARRACJI; NIE GENEROWAĆ INNYM GŁOSEM,
VOICE_reset_before-presentation_steps_02,TOŻSAMOŚĆ GŁOSU WYMAGANA,before-presentation,Release; 25–55 s; mowa musi pozostawić przestrzeń na praktykę,Let your jaw loosen and your shoulders drop.,DO UZUPEŁNIENIA,DO UZUPEŁNIENIA,NIEZWERYFIKOWANE,,03_guide/narration/releaf-guide/reset/before-presentation/main/02-release.wav,narration/releaf-guide/reset/before-presentation/main/02-release.mp3,BRAK ZATWIERDZONEJ NARRACJI; NIE GENEROWAĆ INNYM GŁOSEM,
VOICE_reset_before-presentation_steps_03,TOŻSAMOŚĆ GŁOSU WYMAGANA,before-presentation,Press; 55–85 s; mowa musi pozostawić przestrzeń na praktykę,"Press your feet gently into the floor, then let the effort go.",DO UZUPEŁNIENIA,DO UZUPEŁNIENIA,NIEZWERYFIKOWANE,,03_guide/narration/releaf-guide/reset/before-presentation/main/03-press.wav,narration/releaf-guide/reset/before-presentation/main/03-press.mp3,BRAK ZATWIERDZONEJ NARRACJI; NIE GENEROWAĆ INNYM GŁOSEM,
VOICE_reset_before-presentation_steps_04,TOŻSAMOŚĆ GŁOSU WYMAGANA,before-presentation,First Line; 85–120 s; mowa musi pozostawić przestrzeń na praktykę,Choose the first sentence or first action you need.,DO UZUPEŁNIENIA,DO UZUPEŁNIENIA,NIEZWERYFIKOWANE,,03_guide/narration/releaf-guide/reset/before-presentation/main/04-first-line.wav,narration/releaf-guide/reset/before-presentation/main/04-first-line.mp3,BRAK ZATWIERDZONEJ NARRACJI; NIE GENEROWAĆ INNYM GŁOSEM,
VOICE_reset_before-presentation_steps_05,TOŻSAMOŚĆ GŁOSU WYMAGANA,before-presentation,Begin; 120–150 s; mowa musi pozostawić przestrzeń na praktykę,Let the rest of the presentation wait until it arrives.,DO UZUPEŁNIENIA,DO UZUPEŁNIENIA,NIEZWERYFIKOWANE,,03_guide/narration/releaf-guide/reset/before-presentation/main/05-begin.wav,narration/releaf-guide/reset/before-presentation/main/05-begin.mp3,BRAK ZATWIERDZONEJ NARRACJI; NIE GENEROWAĆ INNYM GŁOSEM,
VOICE_reset_after-conflict_steps_01,TOŻSAMOŚĆ GŁOSU WYMAGANA,after-conflict,Notice; 0–25 s; mowa musi pozostawić przestrzeń na praktykę,Notice what is still activated in you after the conflict.,DO UZUPEŁNIENIA,DO UZUPEŁNIENIA,NIEZWERYFIKOWANE,,03_guide/narration/releaf-guide/reset/after-conflict/main/01-notice.wav,narration/releaf-guide/reset/after-conflict/main/01-notice.mp3,BRAK ZATWIERDZONEJ NARRACJI; NIE GENEROWAĆ INNYM GŁOSEM,
VOICE_reset_after-conflict_steps_02,TOŻSAMOŚĆ GŁOSU WYMAGANA,after-conflict,Name; 25–55 s; mowa musi pozostawić przestrzeń na praktykę,Name the strongest feeling without deciding who was right.,DO UZUPEŁNIENIA,DO UZUPEŁNIENIA,NIEZWERYFIKOWANE,,03_guide/narration/releaf-guide/reset/after-conflict/main/02-name.wav,narration/releaf-guide/reset/after-conflict/main/02-name.mp3,BRAK ZATWIERDZONEJ NARRACJI; NIE GENEROWAĆ INNYM GŁOSEM,
VOICE_reset_after-conflict_steps_03,TOŻSAMOŚĆ GŁOSU WYMAGANA,after-conflict,Allow; 55–85 s; mowa musi pozostawić przestrzeń na praktykę,Let the feeling be present for this moment without acting on it.,DO UZUPEŁNIENIA,DO UZUPEŁNIENIA,NIEZWERYFIKOWANE,,03_guide/narration/releaf-guide/reset/after-conflict/main/03-allow.wav,narration/releaf-guide/reset/after-conflict/main/03-allow.mp3,BRAK ZATWIERDZONEJ NARRACJI; NIE GENEROWAĆ INNYM GŁOSEM,
VOICE_reset_after-conflict_steps_04,TOŻSAMOŚĆ GŁOSU WYMAGANA,after-conflict,Room; 85–120 s; mowa musi pozostawić przestrzeń na praktykę,Create a little space between the feeling and your next action.,DO UZUPEŁNIENIA,DO UZUPEŁNIENIA,NIEZWERYFIKOWANE,,03_guide/narration/releaf-guide/reset/after-conflict/main/04-room.wav,narration/releaf-guide/reset/after-conflict/main/04-room.mp3,BRAK ZATWIERDZONEJ NARRACJI; NIE GENEROWAĆ INNYM GŁOSEM,
VOICE_reset_after-conflict_steps_05,TOŻSAMOŚĆ GŁOSU WYMAGANA,after-conflict,Choose; 120–150 s; mowa musi pozostawić przestrzeń na praktykę,"Choose whether the next useful step is pause, repair, or distance.",DO UZUPEŁNIENIA,DO UZUPEŁNIENIA,NIEZWERYFIKOWANE,,03_guide/narration/releaf-guide/reset/after-conflict/main/05-choose.wav,narration/releaf-guide/reset/after-conflict/main/05-choose.mp3,BRAK ZATWIERDZONEJ NARRACJI; NIE GENEROWAĆ INNYM GŁOSEM,
VOICE_reset_panic-spike_steps_01,TOŻSAMOŚĆ GŁOSU WYMAGANA,panic-spike,Arrive; 0–10 s; mowa musi pozostawić przestrzeń na praktykę,Look around and remind yourself where you are.,DO UZUPEŁNIENIA,DO UZUPEŁNIENIA,NIEZWERYFIKOWANE,,03_guide/narration/releaf-guide/reset/panic-spike/main/01-arrive.wav,narration/releaf-guide/reset/panic-spike/main/01-arrive.mp3,BRAK ZATWIERDZONEJ NARRACJI; NIE GENEROWAĆ INNYM GŁOSEM,
VOICE_reset_panic-spike_steps_02,TOŻSAMOŚĆ GŁOSU WYMAGANA,panic-spike,See; 10–40 s; mowa musi pozostawić przestrzeń na praktykę,Notice five things you can see.,DO UZUPEŁNIENIA,DO UZUPEŁNIENIA,NIEZWERYFIKOWANE,,03_guide/narration/releaf-guide/reset/panic-spike/main/02-see.wav,narration/releaf-guide/reset/panic-spike/main/02-see.mp3,BRAK ZATWIERDZONEJ NARRACJI; NIE GENEROWAĆ INNYM GŁOSEM,
VOICE_reset_panic-spike_steps_03,TOŻSAMOŚĆ GŁOSU WYMAGANA,panic-spike,Feel; 40–65 s; mowa musi pozostawić przestrzeń na praktykę,Notice four points of contact or physical sensation.,DO UZUPEŁNIENIA,DO UZUPEŁNIENIA,NIEZWERYFIKOWANE,,03_guide/narration/releaf-guide/reset/panic-spike/main/03-feel.wav,narration/releaf-guide/reset/panic-spike/main/03-feel.mp3,BRAK ZATWIERDZONEJ NARRACJI; NIE GENEROWAĆ INNYM GŁOSEM,
VOICE_reset_panic-spike_steps_04,TOŻSAMOŚĆ GŁOSU WYMAGANA,panic-spike,Hear; 65–85 s; mowa musi pozostawić przestrzeń na praktykę,Listen for three sounds around you.,DO UZUPEŁNIENIA,DO UZUPEŁNIENIA,NIEZWERYFIKOWANE,,03_guide/narration/releaf-guide/reset/panic-spike/main/04-hear.wav,narration/releaf-guide/reset/panic-spike/main/04-hear.mp3,BRAK ZATWIERDZONEJ NARRACJI; NIE GENEROWAĆ INNYM GŁOSEM,
VOICE_reset_panic-spike_steps_05,TOŻSAMOŚĆ GŁOSU WYMAGANA,panic-spike,Return; 85–90 s; mowa musi pozostawić przestrzeń na praktykę,Return attention to the room.,DO UZUPEŁNIENIA,DO UZUPEŁNIENIA,NIEZWERYFIKOWANE,,03_guide/narration/releaf-guide/reset/panic-spike/main/05-return.wav,narration/releaf-guide/reset/panic-spike/main/05-return.mp3,BRAK ZATWIERDZONEJ NARRACJI; NIE GENEROWAĆ INNYM GŁOSEM,
VOICE_reset_panic-spike_simplifiedSteps_01,TOŻSAMOŚĆ GŁOSU WYMAGANA,panic-spike,See; 0–20 s; mowa musi pozostawić przestrzeń na praktykę,Notice three things you can see.,DO UZUPEŁNIENIA,DO UZUPEŁNIENIA,NIEZWERYFIKOWANE,,03_guide/narration/releaf-guide/reset/panic-spike/simplified/01-see.wav,narration/releaf-guide/reset/panic-spike/simplified/01-see.mp3,BRAK ZATWIERDZONEJ NARRACJI; NIE GENEROWAĆ INNYM GŁOSEM,
VOICE_reset_panic-spike_simplifiedSteps_02,TOŻSAMOŚĆ GŁOSU WYMAGANA,panic-spike,Feel; 20–40 s; mowa musi pozostawić przestrzeń na praktykę,Notice two points of contact or physical sensation.,DO UZUPEŁNIENIA,DO UZUPEŁNIENIA,NIEZWERYFIKOWANE,,03_guide/narration/releaf-guide/reset/panic-spike/simplified/02-feel.wav,narration/releaf-guide/reset/panic-spike/simplified/02-feel.mp3,BRAK ZATWIERDZONEJ NARRACJI; NIE GENEROWAĆ INNYM GŁOSEM,
VOICE_reset_panic-spike_simplifiedSteps_03,TOŻSAMOŚĆ GŁOSU WYMAGANA,panic-spike,Hear; 40–60 s; mowa musi pozostawić przestrzeń na praktykę,Notice one sound around you.,DO UZUPEŁNIENIA,DO UZUPEŁNIENIA,NIEZWERYFIKOWANE,,03_guide/narration/releaf-guide/reset/panic-spike/simplified/03-hear.wav,narration/releaf-guide/reset/panic-spike/simplified/03-hear.mp3,BRAK ZATWIERDZONEJ NARRACJI; NIE GENEROWAĆ INNYM GŁOSEM,
VOICE_reset_overthinking-night_steps_01,TOŻSAMOŚĆ GŁOSU WYMAGANA,overthinking-night,Notice; 0–25 s; mowa musi pozostawić przestrzeń na praktykę,Notice the thought your mind keeps returning to.,DO UZUPEŁNIENIA,DO UZUPEŁNIENIA,NIEZWERYFIKOWANE,,03_guide/narration/releaf-guide/reset/overthinking-night/main/01-notice.wav,narration/releaf-guide/reset/overthinking-night/main/01-notice.mp3,BRAK ZATWIERDZONEJ NARRACJI; NIE GENEROWAĆ INNYM GŁOSEM,
VOICE_reset_overthinking-night_steps_02,TOŻSAMOŚĆ GŁOSU WYMAGANA,overthinking-night,Name; 25–55 s; mowa musi pozostawić przestrzeń na praktykę,Name it as a thought rather than a problem you must solve now.,DO UZUPEŁNIENIA,DO UZUPEŁNIENIA,NIEZWERYFIKOWANE,,03_guide/narration/releaf-guide/reset/overthinking-night/main/02-name.wav,narration/releaf-guide/reset/overthinking-night/main/02-name.mp3,BRAK ZATWIERDZONEJ NARRACJI; NIE GENEROWAĆ INNYM GŁOSEM,
VOICE_reset_overthinking-night_steps_03,TOŻSAMOŚĆ GŁOSU WYMAGANA,overthinking-night,Unhook; 55–90 s; mowa musi pozostawić przestrzeń na praktykę,Try: “I am noticing the thought that…”,DO UZUPEŁNIENIA,DO UZUPEŁNIENIA,NIEZWERYFIKOWANE,,03_guide/narration/releaf-guide/reset/overthinking-night/main/03-unhook.wav,narration/releaf-guide/reset/overthinking-night/main/03-unhook.mp3,BRAK ZATWIERDZONEJ NARRACJI; NIE GENEROWAĆ INNYM GŁOSEM,
VOICE_reset_overthinking-night_steps_04,TOŻSAMOŚĆ GŁOSU WYMAGANA,overthinking-night,Space; 90–120 s; mowa musi pozostawić przestrzeń na praktykę,Let the thought stay without following it into another problem.,DO UZUPEŁNIENIA,DO UZUPEŁNIENIA,NIEZWERYFIKOWANE,,03_guide/narration/releaf-guide/reset/overthinking-night/main/04-space.wav,narration/releaf-guide/reset/overthinking-night/main/04-space.mp3,BRAK ZATWIERDZONEJ NARRACJI; NIE GENEROWAĆ INNYM GŁOSEM,
VOICE_reset_overthinking-night_steps_05,TOŻSAMOŚĆ GŁOSU WYMAGANA,overthinking-night,Refocus; 120–150 s; mowa musi pozostawić przestrzeń na praktykę,Return attention to one simple sensation in the room or bed.,DO UZUPEŁNIENIA,DO UZUPEŁNIENIA,NIEZWERYFIKOWANE,,03_guide/narration/releaf-guide/reset/overthinking-night/main/05-refocus.wav,narration/releaf-guide/reset/overthinking-night/main/05-refocus.mp3,BRAK ZATWIERDZONEJ NARRACJI; NIE GENEROWAĆ INNYM GŁOSEM,
VOICE_reset_social-pressure_steps_01,TOŻSAMOŚĆ GŁOSU WYMAGANA,social-pressure,Anchor; 0–20 s; mowa musi pozostawić przestrzeń na praktykę,Choose one neutral object in the room.,DO UZUPEŁNIENIA,DO UZUPEŁNIENIA,NIEZWERYFIKOWANE,,03_guide/narration/releaf-guide/reset/social-pressure/main/01-anchor.wav,narration/releaf-guide/reset/social-pressure/main/01-anchor.mp3,BRAK ZATWIERDZONEJ NARRACJI; NIE GENEROWAĆ INNYM GŁOSEM,
VOICE_reset_social-pressure_steps_02,TOŻSAMOŚĆ GŁOSU WYMAGANA,social-pressure,Detail; 20–45 s; mowa musi pozostawić przestrzeń na praktykę,Notice one detail about its shape or surface.,DO UZUPEŁNIENIA,DO UZUPEŁNIENIA,NIEZWERYFIKOWANE,,03_guide/narration/releaf-guide/reset/social-pressure/main/02-detail.wav,narration/releaf-guide/reset/social-pressure/main/02-detail.mp3,BRAK ZATWIERDZONEJ NARRACJI; NIE GENEROWAĆ INNYM GŁOSEM,
VOICE_reset_social-pressure_steps_03,TOŻSAMOŚĆ GŁOSU WYMAGANA,social-pressure,Support; 45–70 s; mowa musi pozostawić przestrzeń na praktykę,Let your attention widen enough to notice where your body is supported.,DO UZUPEŁNIENIA,DO UZUPEŁNIENIA,NIEZWERYFIKOWANE,,03_guide/narration/releaf-guide/reset/social-pressure/main/03-support.wav,narration/releaf-guide/reset/social-pressure/main/03-support.mp3,BRAK ZATWIERDZONEJ NARRACJI; NIE GENEROWAĆ INNYM GŁOSEM,
VOICE_reset_social-pressure_steps_04,TOŻSAMOŚĆ GŁOSU WYMAGANA,social-pressure,Next; 70–100 s; mowa musi pozostawić przestrzeń na praktykę,Choose one simple social action rather than monitoring how you appear.,DO UZUPEŁNIENIA,DO UZUPEŁNIENIA,NIEZWERYFIKOWANE,,03_guide/narration/releaf-guide/reset/social-pressure/main/04-next.wav,narration/releaf-guide/reset/social-pressure/main/04-next.mp3,BRAK ZATWIERDZONEJ NARRACJI; NIE GENEROWAĆ INNYM GŁOSEM,
VOICE_reset_social-pressure_steps_05,TOŻSAMOŚĆ GŁOSU WYMAGANA,social-pressure,Return; 100–120 s; mowa musi pozostawić przestrzeń na praktykę,Return attention to the conversation or space around you.,DO UZUPEŁNIENIA,DO UZUPEŁNIENIA,NIEZWERYFIKOWANE,,03_guide/narration/releaf-guide/reset/social-pressure/main/05-return.wav,narration/releaf-guide/reset/social-pressure/main/05-return.mp3,BRAK ZATWIERDZONEJ NARRACJI; NIE GENEROWAĆ INNYM GŁOSEM,
VOICE_reset_travel-stress_steps_01,TOŻSAMOŚĆ GŁOSU WYMAGANA,travel-stress,Support; 0–20 s; mowa musi pozostawić przestrzeń na praktykę,Notice one stable point of contact beneath you.,DO UZUPEŁNIENIA,DO UZUPEŁNIENIA,NIEZWERYFIKOWANE,,03_guide/narration/releaf-guide/reset/travel-stress/main/01-support.wav,narration/releaf-guide/reset/travel-stress/main/01-support.mp3,BRAK ZATWIERDZONEJ NARRACJI; NIE GENEROWAĆ INNYM GŁOSEM,
VOICE_reset_travel-stress_steps_02,TOŻSAMOŚĆ GŁOSU WYMAGANA,travel-stress,Near; 20–40 s; mowa musi pozostawić przestrzeń na praktykę,Listen for one nearby sound.,DO UZUPEŁNIENIA,DO UZUPEŁNIENIA,NIEZWERYFIKOWANE,,03_guide/narration/releaf-guide/reset/travel-stress/main/02-near.wav,narration/releaf-guide/reset/travel-stress/main/02-near.mp3,BRAK ZATWIERDZONEJ NARRACJI; NIE GENEROWAĆ INNYM GŁOSEM,
VOICE_reset_travel-stress_steps_03,TOŻSAMOŚĆ GŁOSU WYMAGANA,travel-stress,Far; 40–60 s; mowa musi pozostawić przestrzeń na praktykę,Listen for one farther-away sound.,DO UZUPEŁNIENIA,DO UZUPEŁNIENIA,NIEZWERYFIKOWANE,,03_guide/narration/releaf-guide/reset/travel-stress/main/03-far.wav,narration/releaf-guide/reset/travel-stress/main/03-far.mp3,BRAK ZATWIERDZONEJ NARRACJI; NIE GENEROWAĆ INNYM GŁOSEM,
VOICE_reset_travel-stress_steps_04,TOŻSAMOŚĆ GŁOSU WYMAGANA,travel-stress,Next; 60–95 s; mowa musi pozostawić przestrzeń na praktykę,Name the next concrete travel step you actually need to take.,DO UZUPEŁNIENIA,DO UZUPEŁNIENIA,NIEZWERYFIKOWANE,,03_guide/narration/releaf-guide/reset/travel-stress/main/04-next.wav,narration/releaf-guide/reset/travel-stress/main/04-next.mp3,BRAK ZATWIERDZONEJ NARRACJI; NIE GENEROWAĆ INNYM GŁOSEM,
VOICE_reset_travel-stress_steps_05,TOŻSAMOŚĆ GŁOSU WYMAGANA,travel-stress,Only This; 95–120 s; mowa musi pozostawić przestrzeń na praktykę,Let everything after that wait.,DO UZUPEŁNIENIA,DO UZUPEŁNIENIA,NIEZWERYFIKOWANE,,03_guide/narration/releaf-guide/reset/travel-stress/main/05-only-this.wav,narration/releaf-guide/reset/travel-stress/main/05-only-this.mp3,BRAK ZATWIERDZONEJ NARRACJI; NIE GENEROWAĆ INNYM GŁOSEM,
VOICE_reset_work-overwhelm_steps_01,TOŻSAMOŚĆ GŁOSU WYMAGANA,work-overwhelm,Pause; 0–20 s; mowa musi pozostawić przestrzeń na praktykę,Stop trying to hold the whole workload in your head.,DO UZUPEŁNIENIA,DO UZUPEŁNIENIA,NIEZWERYFIKOWANE,,03_guide/narration/releaf-guide/reset/work-overwhelm/main/01-pause.wav,narration/releaf-guide/reset/work-overwhelm/main/01-pause.mp3,BRAK ZATWIERDZONEJ NARRACJI; NIE GENEROWAĆ INNYM GŁOSEM,
VOICE_reset_work-overwhelm_steps_02,TOŻSAMOŚĆ GŁOSU WYMAGANA,work-overwhelm,Choose; 20–50 s; mowa musi pozostawić przestrzeń na praktykę,Choose the one task that matters next.,DO UZUPEŁNIENIA,DO UZUPEŁNIENIA,NIEZWERYFIKOWANE,,03_guide/narration/releaf-guide/reset/work-overwhelm/main/02-choose.wav,narration/releaf-guide/reset/work-overwhelm/main/02-choose.mp3,BRAK ZATWIERDZONEJ NARRACJI; NIE GENEROWAĆ INNYM GŁOSEM,
VOICE_reset_work-overwhelm_steps_03,TOŻSAMOŚĆ GŁOSU WYMAGANA,work-overwhelm,Shrink; 50–80 s; mowa musi pozostawić przestrzeń na praktykę,Shrink it to the first visible action.,DO UZUPEŁNIENIA,DO UZUPEŁNIENIA,NIEZWERYFIKOWANE,,03_guide/narration/releaf-guide/reset/work-overwhelm/main/03-shrink.wav,narration/releaf-guide/reset/work-overwhelm/main/03-shrink.mp3,BRAK ZATWIERDZONEJ NARRACJI; NIE GENEROWAĆ INNYM GŁOSEM,
VOICE_reset_work-overwhelm_steps_04,TOŻSAMOŚĆ GŁOSU WYMAGANA,work-overwhelm,Clear; 80–100 s; mowa musi pozostawić przestrzeń na praktykę,Set aside everything that does not belong to this next action.,DO UZUPEŁNIENIA,DO UZUPEŁNIENIA,NIEZWERYFIKOWANE,,03_guide/narration/releaf-guide/reset/work-overwhelm/main/04-clear.wav,narration/releaf-guide/reset/work-overwhelm/main/04-clear.mp3,BRAK ZATWIERDZONEJ NARRACJI; NIE GENEROWAĆ INNYM GŁOSEM,
VOICE_reset_work-overwhelm_steps_05,TOŻSAMOŚĆ GŁOSU WYMAGANA,work-overwhelm,Start; 100–120 s; mowa musi pozostawić przestrzeń na praktykę,Start with only that step.,DO UZUPEŁNIENIA,DO UZUPEŁNIENIA,NIEZWERYFIKOWANE,,03_guide/narration/releaf-guide/reset/work-overwhelm/main/05-start.wav,narration/releaf-guide/reset/work-overwhelm/main/05-start.mp3,BRAK ZATWIERDZONEJ NARRACJI; NIE GENEROWAĆ INNYM GŁOSEM,
VOICE_reset_tension-body-scan_steps_01,TOŻSAMOŚĆ GŁOSU WYMAGANA,tension-body-scan,Face; 0–60 s; mowa musi pozostawić przestrzeń na praktykę,Notice the face and jaw. Let any unnecessary effort soften if it can.,DO UZUPEŁNIENIA,DO UZUPEŁNIENIA,NIEZWERYFIKOWANE,,03_guide/narration/releaf-guide/reset/tension-body-scan/main/01-face.wav,narration/releaf-guide/reset/tension-body-scan/main/01-face.mp3,BRAK ZATWIERDZONEJ NARRACJI; NIE GENEROWAĆ INNYM GŁOSEM,
VOICE_reset_tension-body-scan_steps_02,TOŻSAMOŚĆ GŁOSU WYMAGANA,tension-body-scan,Shoulders; 60–120 s; mowa musi pozostawić przestrzeń na praktykę,Move attention through the neck and shoulders. Notice tension without forcing it away.,DO UZUPEŁNIENIA,DO UZUPEŁNIENIA,NIEZWERYFIKOWANE,,03_guide/narration/releaf-guide/reset/tension-body-scan/main/02-shoulders.wav,narration/releaf-guide/reset/tension-body-scan/main/02-shoulders.mp3,BRAK ZATWIERDZONEJ NARRACJI; NIE GENEROWAĆ INNYM GŁOSEM,
VOICE_reset_tension-body-scan_steps_03,TOŻSAMOŚĆ GŁOSU WYMAGANA,tension-body-scan,Arms; 120–180 s; mowa musi pozostawić przestrzeń na praktykę,"Notice the arms, hands, and fingers.",DO UZUPEŁNIENIA,DO UZUPEŁNIENIA,NIEZWERYFIKOWANE,,03_guide/narration/releaf-guide/reset/tension-body-scan/main/03-arms.wav,narration/releaf-guide/reset/tension-body-scan/main/03-arms.mp3,BRAK ZATWIERDZONEJ NARRACJI; NIE GENEROWAĆ INNYM GŁOSEM,
VOICE_reset_tension-body-scan_steps_04,TOŻSAMOŚĆ GŁOSU WYMAGANA,tension-body-scan,Chest; 180–240 s; mowa musi pozostawić przestrzeń na praktykę,Notice the chest and upper back.,DO UZUPEŁNIENIA,DO UZUPEŁNIENIA,NIEZWERYFIKOWANE,,03_guide/narration/releaf-guide/reset/tension-body-scan/main/04-chest.wav,narration/releaf-guide/reset/tension-body-scan/main/04-chest.mp3,BRAK ZATWIERDZONEJ NARRACJI; NIE GENEROWAĆ INNYM GŁOSEM,
VOICE_reset_tension-body-scan_steps_05,TOŻSAMOŚĆ GŁOSU WYMAGANA,tension-body-scan,Center; 240–300 s; mowa musi pozostawić przestrzeń na praktykę,Notice the abdomen and lower back.,DO UZUPEŁNIENIA,DO UZUPEŁNIENIA,NIEZWERYFIKOWANE,,03_guide/narration/releaf-guide/reset/tension-body-scan/main/05-center.wav,narration/releaf-guide/reset/tension-body-scan/main/05-center.mp3,BRAK ZATWIERDZONEJ NARRACJI; NIE GENEROWAĆ INNYM GŁOSEM,
VOICE_reset_tension-body-scan_steps_06,TOŻSAMOŚĆ GŁOSU WYMAGANA,tension-body-scan,Legs; 300–360 s; mowa musi pozostawić przestrzeń na praktykę,"Notice the hips, thighs, knees, and lower legs.",DO UZUPEŁNIENIA,DO UZUPEŁNIENIA,NIEZWERYFIKOWANE,,03_guide/narration/releaf-guide/reset/tension-body-scan/main/06-legs.wav,narration/releaf-guide/reset/tension-body-scan/main/06-legs.mp3,BRAK ZATWIERDZONEJ NARRACJI; NIE GENEROWAĆ INNYM GŁOSEM,
VOICE_reset_tension-body-scan_steps_07,TOŻSAMOŚĆ GŁOSU WYMAGANA,tension-body-scan,Feet; 360–420 s; mowa musi pozostawić przestrzeń na praktykę,Notice the feet and the places where your body is supported.,DO UZUPEŁNIENIA,DO UZUPEŁNIENIA,NIEZWERYFIKOWANE,,03_guide/narration/releaf-guide/reset/tension-body-scan/main/07-feet.wav,narration/releaf-guide/reset/tension-body-scan/main/07-feet.mp3,BRAK ZATWIERDZONEJ NARRACJI; NIE GENEROWAĆ INNYM GŁOSEM,
VOICE_reset_tension-body-scan_steps_08,TOŻSAMOŚĆ GŁOSU WYMAGANA,tension-body-scan,Whole Body; 420–480 s; mowa musi pozostawić przestrzeń na praktykę,"Finish by noticing the body as a whole, exactly as it is right now.",DO UZUPEŁNIENIA,DO UZUPEŁNIENIA,NIEZWERYFIKOWANE,,03_guide/narration/releaf-guide/reset/tension-body-scan/main/08-whole-body.wav,narration/releaf-guide/reset/tension-body-scan/main/08-whole-body.mp3,BRAK ZATWIERDZONEJ NARRACJI; NIE GENEROWAĆ INNYM GŁOSEM,
VOICE_reset_overwhelm-stability_steps_01,TOŻSAMOŚĆ GŁOSU WYMAGANA,overwhelm-stability,Pause; 0–80 s; mowa musi pozostawić przestrzeń na praktykę,"Stop trying to organise everything at once. For this moment, nothing else has to be solved.",DO UZUPEŁNIENIA,DO UZUPEŁNIENIA,NIEZWERYFIKOWANE,,03_guide/narration/releaf-guide/reset/overwhelm-stability/main/01-pause.wav,narration/releaf-guide/reset/overwhelm-stability/main/01-pause.mp3,BRAK ZATWIERDZONEJ NARRACJI; NIE GENEROWAĆ INNYM GŁOSEM,
VOICE_reset_overwhelm-stability_steps_02,TOŻSAMOŚĆ GŁOSU WYMAGANA,overwhelm-stability,Support; 80–160 s; mowa musi pozostawić przestrzeń na praktykę,"Notice what is physically supporting you: floor, chair, wall, or another stable surface.",DO UZUPEŁNIENIA,DO UZUPEŁNIENIA,NIEZWERYFIKOWANE,,03_guide/narration/releaf-guide/reset/overwhelm-stability/main/02-support.wav,narration/releaf-guide/reset/overwhelm-stability/main/02-support.mp3,BRAK ZATWIERDZONEJ NARRACJI; NIE GENEROWAĆ INNYM GŁOSEM,
VOICE_reset_overwhelm-stability_steps_03,TOŻSAMOŚĆ GŁOSU WYMAGANA,overwhelm-stability,Separate; 160–240 s; mowa musi pozostawić przestrzeń na praktykę,Separate what genuinely needs attention now from what can wait.,DO UZUPEŁNIENIA,DO UZUPEŁNIENIA,NIEZWERYFIKOWANE,,03_guide/narration/releaf-guide/reset/overwhelm-stability/main/03-separate.wav,narration/releaf-guide/reset/overwhelm-stability/main/03-separate.mp3,BRAK ZATWIERDZONEJ NARRACJI; NIE GENEROWAĆ INNYM GŁOSEM,
VOICE_reset_overwhelm-stability_steps_04,TOŻSAMOŚĆ GŁOSU WYMAGANA,overwhelm-stability,Choose; 240–320 s; mowa musi pozostawić przestrzeń na praktykę,Choose one useful priority.,DO UZUPEŁNIENIA,DO UZUPEŁNIENIA,NIEZWERYFIKOWANE,,03_guide/narration/releaf-guide/reset/overwhelm-stability/main/04-choose.wav,narration/releaf-guide/reset/overwhelm-stability/main/04-choose.mp3,BRAK ZATWIERDZONEJ NARRACJI; NIE GENEROWAĆ INNYM GŁOSEM,
VOICE_reset_overwhelm-stability_steps_05,TOŻSAMOŚĆ GŁOSU WYMAGANA,overwhelm-stability,Shrink; 320–400 s; mowa musi pozostawić przestrzeń na praktykę,"Shrink it to one visible, realistic action.",DO UZUPEŁNIENIA,DO UZUPEŁNIENIA,NIEZWERYFIKOWANE,,03_guide/narration/releaf-guide/reset/overwhelm-stability/main/05-shrink.wav,narration/releaf-guide/reset/overwhelm-stability/main/05-shrink.mp3,BRAK ZATWIERDZONEJ NARRACJI; NIE GENEROWAĆ INNYM GŁOSEM,
VOICE_reset_overwhelm-stability_steps_06,TOŻSAMOŚĆ GŁOSU WYMAGANA,overwhelm-stability,Return; 400–480 s; mowa musi pozostawić przestrzeń na praktykę,Return to that action and leave the rest outside this moment.,DO UZUPEŁNIENIA,DO UZUPEŁNIENIA,NIEZWERYFIKOWANE,,03_guide/narration/releaf-guide/reset/overwhelm-stability/main/06-return.wav,narration/releaf-guide/reset/overwhelm-stability/main/06-return.mp3,BRAK ZATWIERDZONEJ NARRACJI; NIE GENEROWAĆ INNYM GŁOSEM,
VOICE_reset_evening-unwind_steps_01,TOŻSAMOŚĆ GŁOSU WYMAGANA,evening-unwind,Arrive; 0–80 s; mowa musi pozostawić przestrzeń na praktykę,Notice what your mind is still carrying from the day.,DO UZUPEŁNIENIA,DO UZUPEŁNIENIA,NIEZWERYFIKOWANE,,03_guide/narration/releaf-guide/reset/evening-unwind/main/01-arrive.wav,narration/releaf-guide/reset/evening-unwind/main/01-arrive.mp3,BRAK ZATWIERDZONEJ NARRACJI; NIE GENEROWAĆ INNYM GŁOSEM,
VOICE_reset_evening-unwind_steps_02,TOŻSAMOŚĆ GŁOSU WYMAGANA,evening-unwind,Allow; 80–160 s; mowa musi pozostawić przestrzeń na praktykę,Let unfinished things remain unfinished for this moment.,DO UZUPEŁNIENIA,DO UZUPEŁNIENIA,NIEZWERYFIKOWANE,,03_guide/narration/releaf-guide/reset/evening-unwind/main/02-allow.wav,narration/releaf-guide/reset/evening-unwind/main/02-allow.mp3,BRAK ZATWIERDZONEJ NARRACJI; NIE GENEROWAĆ INNYM GŁOSEM,
VOICE_reset_evening-unwind_steps_03,TOŻSAMOŚĆ GŁOSU WYMAGANA,evening-unwind,Support; 160–240 s; mowa musi pozostawić przestrzeń na praktykę,Notice where your body is supported.,DO UZUPEŁNIENIA,DO UZUPEŁNIENIA,NIEZWERYFIKOWANE,,03_guide/narration/releaf-guide/reset/evening-unwind/main/03-support.wav,narration/releaf-guide/reset/evening-unwind/main/03-support.mp3,BRAK ZATWIERDZONEJ NARRACJI; NIE GENEROWAĆ INNYM GŁOSEM,
VOICE_reset_evening-unwind_steps_04,TOŻSAMOŚĆ GŁOSU WYMAGANA,evening-unwind,Room; 240–320 s; mowa musi pozostawić przestrzeń na praktykę,Make room for any remaining tension without trying to solve it.,DO UZUPEŁNIENIA,DO UZUPEŁNIENIA,NIEZWERYFIKOWANE,,03_guide/narration/releaf-guide/reset/evening-unwind/main/04-room.wav,narration/releaf-guide/reset/evening-unwind/main/04-room.mp3,BRAK ZATWIERDZONEJ NARRACJI; NIE GENEROWAĆ INNYM GŁOSEM,
VOICE_reset_evening-unwind_steps_05,TOŻSAMOŚĆ GŁOSU WYMAGANA,evening-unwind,Quiet; 320–400 s; mowa musi pozostawić przestrzeń na praktykę,"Reduce attention to the room, bed, or chair immediately around you.",DO UZUPEŁNIENIA,DO UZUPEŁNIENIA,NIEZWERYFIKOWANE,,03_guide/narration/releaf-guide/reset/evening-unwind/main/05-quiet.wav,narration/releaf-guide/reset/evening-unwind/main/05-quiet.mp3,BRAK ZATWIERDZONEJ NARRACJI; NIE GENEROWAĆ INNYM GŁOSEM,
VOICE_reset_evening-unwind_steps_06,TOŻSAMOŚĆ GŁOSU WYMAGANA,evening-unwind,Finish; 400–480 s; mowa musi pozostawić przestrzeń na praktykę,Finish without needing to feel perfectly calm. Let this be enough for now.,DO UZUPEŁNIENIA,DO UZUPEŁNIENIA,NIEZWERYFIKOWANE,,03_guide/narration/releaf-guide/reset/evening-unwind/main/06-finish.wav,narration/releaf-guide/reset/evening-unwind/main/06-finish.mp3,BRAK ZATWIERDZONEJ NARRACJI; NIE GENEROWAĆ INNYM GŁOSEM,
VOICE_reset_anger-release_steps_01,TOŻSAMOŚĆ GŁOSU WYMAGANA,anger-release,Notice; 0–80 s; mowa musi pozostawić przestrzeń na praktykę,Notice where anger is showing up in your body.,DO UZUPEŁNIENIA,DO UZUPEŁNIENIA,NIEZWERYFIKOWANE,,03_guide/narration/releaf-guide/reset/anger-release/main/01-notice.wav,narration/releaf-guide/reset/anger-release/main/01-notice.mp3,BRAK ZATWIERDZONEJ NARRACJI; NIE GENEROWAĆ INNYM GŁOSEM,
VOICE_reset_anger-release_steps_02,TOŻSAMOŚĆ GŁOSU WYMAGANA,anger-release,Press; 80–160 s; mowa musi pozostawić przestrzeń na praktykę,Press your feet or hands gently into a stable surface. Keep it comfortable and controlled.,DO UZUPEŁNIENIA,DO UZUPEŁNIENIA,NIEZWERYFIKOWANE,,03_guide/narration/releaf-guide/reset/anger-release/main/02-press.wav,narration/releaf-guide/reset/anger-release/main/02-press.mp3,BRAK ZATWIERDZONEJ NARRACJI; NIE GENEROWAĆ INNYM GŁOSEM,
VOICE_reset_anger-release_steps_03,TOŻSAMOŚĆ GŁOSU WYMAGANA,anger-release,Release; 160–240 s; mowa musi pozostawić przestrzeń na praktykę,Release the pressure fully and notice the contrast.,DO UZUPEŁNIENIA,DO UZUPEŁNIENIA,NIEZWERYFIKOWANE,,03_guide/narration/releaf-guide/reset/anger-release/main/03-release.wav,narration/releaf-guide/reset/anger-release/main/03-release.mp3,BRAK ZATWIERDZONEJ NARRACJI; NIE GENEROWAĆ INNYM GŁOSEM,
VOICE_reset_anger-release_steps_04,TOŻSAMOŚĆ GŁOSU WYMAGANA,anger-release,Soften; 240–320 s; mowa musi pozostawić przestrzeń na praktykę,Loosen the jaw and lower the shoulders.,DO UZUPEŁNIENIA,DO UZUPEŁNIENIA,NIEZWERYFIKOWANE,,03_guide/narration/releaf-guide/reset/anger-release/main/04-soften.wav,narration/releaf-guide/reset/anger-release/main/04-soften.mp3,BRAK ZATWIERDZONEJ NARRACJI; NIE GENEROWAĆ INNYM GŁOSEM,
VOICE_reset_anger-release_steps_05,TOŻSAMOŚĆ GŁOSU WYMAGANA,anger-release,Space; 320–400 s; mowa musi pozostawić przestrzeń na praktykę,Create space before deciding what to do next. You do not need to act on the first impulse.,DO UZUPEŁNIENIA,DO UZUPEŁNIENIA,NIEZWERYFIKOWANE,,03_guide/narration/releaf-guide/reset/anger-release/main/05-space.wav,narration/releaf-guide/reset/anger-release/main/05-space.mp3,BRAK ZATWIERDZONEJ NARRACJI; NIE GENEROWAĆ INNYM GŁOSEM,
VOICE_reset_anger-release_steps_06,TOŻSAMOŚĆ GŁOSU WYMAGANA,anger-release,Choose; 400–480 s; mowa musi pozostawić przestrzeń na praktykę,Choose the next action only after the body has had time to settle.,DO UZUPEŁNIENIA,DO UZUPEŁNIENIA,NIEZWERYFIKOWANE,,03_guide/narration/releaf-guide/reset/anger-release/main/06-choose.wav,narration/releaf-guide/reset/anger-release/main/06-choose.mp3,BRAK ZATWIERDZONEJ NARRACJI; NIE GENEROWAĆ INNYM GŁOSEM,
VOICE_reset_overthinking-let-go_steps_01,TOŻSAMOŚĆ GŁOSU WYMAGANA,overthinking-let-go,Notice; 0–80 s; mowa musi pozostawić przestrzeń na praktykę,Notice the thought or problem your mind keeps reopening.,DO UZUPEŁNIENIA,DO UZUPEŁNIENIA,NIEZWERYFIKOWANE,,03_guide/narration/releaf-guide/reset/overthinking-let-go/main/01-notice.wav,narration/releaf-guide/reset/overthinking-let-go/main/01-notice.mp3,BRAK ZATWIERDZONEJ NARRACJI; NIE GENEROWAĆ INNYM GŁOSEM,
VOICE_reset_overthinking-let-go_steps_02,TOŻSAMOŚĆ GŁOSU WYMAGANA,overthinking-let-go,Name; 80–160 s; mowa musi pozostawić przestrzeń na praktykę,Put it into one short sentence in your mind.,DO UZUPEŁNIENIA,DO UZUPEŁNIENIA,NIEZWERYFIKOWANE,,03_guide/narration/releaf-guide/reset/overthinking-let-go/main/02-name.wav,narration/releaf-guide/reset/overthinking-let-go/main/02-name.mp3,BRAK ZATWIERDZONEJ NARRACJI; NIE GENEROWAĆ INNYM GŁOSEM,
VOICE_reset_overthinking-let-go_steps_03,TOŻSAMOŚĆ GŁOSU WYMAGANA,overthinking-let-go,Unhook; 160–240 s; mowa musi pozostawić przestrzeń na praktykę,Add: “I am noticing the thought that…”,DO UZUPEŁNIENIA,DO UZUPEŁNIENIA,NIEZWERYFIKOWANE,,03_guide/narration/releaf-guide/reset/overthinking-let-go/main/03-unhook.wav,narration/releaf-guide/reset/overthinking-let-go/main/03-unhook.mp3,BRAK ZATWIERDZONEJ NARRACJI; NIE GENEROWAĆ INNYM GŁOSEM,
VOICE_reset_overthinking-let-go_steps_04,TOŻSAMOŚĆ GŁOSU WYMAGANA,overthinking-let-go,Distance; 240–320 s; mowa musi pozostawić przestrzeń na praktykę,Notice the difference between the thought and the room around you.,DO UZUPEŁNIENIA,DO UZUPEŁNIENIA,NIEZWERYFIKOWANE,,03_guide/narration/releaf-guide/reset/overthinking-let-go/main/04-distance.wav,narration/releaf-guide/reset/overthinking-let-go/main/04-distance.mp3,BRAK ZATWIERDZONEJ NARRACJI; NIE GENEROWAĆ INNYM GŁOSEM,
VOICE_reset_overthinking-let-go_steps_05,TOŻSAMOŚĆ GŁOSU WYMAGANA,overthinking-let-go,Space; 320–400 s; mowa musi pozostawić przestrzeń na praktykę,Let the thought remain without following every branch.,DO UZUPEŁNIENIA,DO UZUPEŁNIENIA,NIEZWERYFIKOWANE,,03_guide/narration/releaf-guide/reset/overthinking-let-go/main/05-space.wav,narration/releaf-guide/reset/overthinking-let-go/main/05-space.mp3,BRAK ZATWIERDZONEJ NARRACJI; NIE GENEROWAĆ INNYM GŁOSEM,
VOICE_reset_overthinking-let-go_steps_06,TOŻSAMOŚĆ GŁOSU WYMAGANA,overthinking-let-go,Return; 400–480 s; mowa musi pozostawić przestrzeń na praktykę,Return attention to one real thing you want to do next.,DO UZUPEŁNIENIA,DO UZUPEŁNIENIA,NIEZWERYFIKOWANE,,03_guide/narration/releaf-guide/reset/overthinking-let-go/main/06-return.wav,narration/releaf-guide/reset/overthinking-let-go/main/06-return.mp3,BRAK ZATWIERDZONEJ NARRACJI; NIE GENEROWAĆ INNYM GŁOSEM,
VOICE_reset_5min-focus_steps_01,TOŻSAMOŚĆ GŁOSU WYMAGANA,5min-focus,See; 0–60 s; mowa musi pozostawić przestrzeń na praktykę,Name five things you can see around you.,DO UZUPEŁNIENIA,DO UZUPEŁNIENIA,NIEZWERYFIKOWANE,,03_guide/narration/releaf-guide/reset/5min-focus/main/01-see.wav,narration/releaf-guide/reset/5min-focus/main/01-see.mp3,BRAK ZATWIERDZONEJ NARRACJI; NIE GENEROWAĆ INNYM GŁOSEM,
VOICE_reset_5min-focus_steps_02,TOŻSAMOŚĆ GŁOSU WYMAGANA,5min-focus,Touch; 60–120 s; mowa musi pozostawić przestrzeń na praktykę,Name four things you can touch.,DO UZUPEŁNIENIA,DO UZUPEŁNIENIA,NIEZWERYFIKOWANE,,03_guide/narration/releaf-guide/reset/5min-focus/main/02-touch.wav,narration/releaf-guide/reset/5min-focus/main/02-touch.mp3,BRAK ZATWIERDZONEJ NARRACJI; NIE GENEROWAĆ INNYM GŁOSEM,
VOICE_reset_5min-focus_steps_03,TOŻSAMOŚĆ GŁOSU WYMAGANA,5min-focus,Hear; 120–180 s; mowa musi pozostawić przestrzeń na praktykę,Name three things you can hear.,DO UZUPEŁNIENIA,DO UZUPEŁNIENIA,NIEZWERYFIKOWANE,,03_guide/narration/releaf-guide/reset/5min-focus/main/03-hear.wav,narration/releaf-guide/reset/5min-focus/main/03-hear.mp3,BRAK ZATWIERDZONEJ NARRACJI; NIE GENEROWAĆ INNYM GŁOSEM,
VOICE_reset_5min-focus_steps_04,TOŻSAMOŚĆ GŁOSU WYMAGANA,5min-focus,Smell; 180–240 s; mowa musi pozostawić przestrzeń na praktykę,Name two things you can smell.,DO UZUPEŁNIENIA,DO UZUPEŁNIENIA,NIEZWERYFIKOWANE,,03_guide/narration/releaf-guide/reset/5min-focus/main/04-smell.wav,narration/releaf-guide/reset/5min-focus/main/04-smell.mp3,BRAK ZATWIERDZONEJ NARRACJI; NIE GENEROWAĆ INNYM GŁOSEM,
VOICE_reset_5min-focus_steps_05,TOŻSAMOŚĆ GŁOSU WYMAGANA,5min-focus,Taste; 240–300 s; mowa musi pozostawić przestrzeń na praktykę,Name one thing you can taste.,DO UZUPEŁNIENIA,DO UZUPEŁNIENIA,NIEZWERYFIKOWANE,,03_guide/narration/releaf-guide/reset/5min-focus/main/05-taste.wav,narration/releaf-guide/reset/5min-focus/main/05-taste.mp3,BRAK ZATWIERDZONEJ NARRACJI; NIE GENEROWAĆ INNYM GŁOSEM,
